0,1,2,3,4,5,6,7,8,9,10,11,12,13,14,15,16,17,18,19,20
1,Duke,17.5,17.3,34.8,,,,,,,,,,,,,,,,
2,Michigan,17.3,17.1,34.5,,,,,,,,,,,,,,,,
3,Arizona,15.6,16.5,32.0,,,,,,,,,,,,,,,,
4,Florida,15.9,15.8,31.7,,,,,,,,,,,,,,,,
5,Houston,14.6,17.1,31.7,,,,,,,,,,,,,,,,
6,Purdue,22.3,8.0,30.2,,,,,,,,,,,,,,,,
7,Iowa State,13.5,15.9,29.4,,,,,,,,,,,,,,,,
8,Illinois,18.8,9.2,28.0,,,,,,,,,,,,,,,,
9,Connecticut,14.9,12.7,27.6,,,,,,,,,,,,,,,,
10,Gonzaga,11.8,14.1,25.9,,,,,,,,,,,,,,,,
1,Cameron Boozer,Duke,9.91,4.88,14.79,,,,,,,,,,,,,,,
2,Yaxel Lendeborg,Michigan,7.62,5.51,13.13,,,,,,,,,,,,,,,
3,Jeremy Fears Jr.,Michigan State,8.06,3.43,11.49,,,,,,,,,,,,,,,
4,Braden Smith,Purdue,8.28,3.14,11.43,,,,,,,,,,,,,,,
5,Joshua Jefferson,Iowa State,5.83,4.71,10.55,,,,,,,,,,,,,,,
6,Bruce Thornton,Ohio State,7.98,2.25,10.23,,,,,,,,,,,,,,,
7,Ja'Kobi Gillespie,Tennessee,7.23,2.97,10.2,,,,,,,,,,,,,,,
8,Patrick Ngongba,Duke,5.07,4.9,9.97,,,,,,,,,,,,,,,
9,Zuby Ejiofor,St. John's,6.01,3.92,9.93,,,,,,,,,,,,,,,
10,Kingston Flemings,Houston,6.47,3.28,9.75,,,,,,,,,,,,,,,
1,Duke 🏀🤕,17.5,17.3,34.8,-0.05,-0.05,3.0,1.0,67.1,273.0,2.0,295.0,2.0,1.06,0.24,0.82,36.0,8.0,32.0,2.0
2,Michigan 🏀🥶,17.3,17.1,34.5,0.03,0.03,4.0,2.0,71.8,22.0,1.0,121.0,1.0,1.09,0.09,1.0,37.0,3.0,31.0,3.0
3,Arizona 🏀🔒,15.6,16.5,32.0,0.03,-0.05,10.0,4.0,71.4,28.0,3.0,26.0,6.0,1.0,0.06,0.94,34.0,2.0,32.0,2.0
4,Florida 🏀,15.9,15.8,31.7,0.03,0.03,8.0,6.0,71.6,24.0,4.0,230.0,4.0,0.94,0.15,0.79,31.0,5.0,26.0,7.0
5,Houston 🏀,14.6,17.1,31.7,-0.05,-0.05,14.0,3.0,64.9,356.0,5.0,39.0,5.0,1.12,0.32,0.79,38.0,11.0,28.0,6.0
6,Purdue 🏀,22.3,8.0,30.2,-0.05,0.03,1.0,30.0,65.5,342.0,6.0,291.0,3.0,0.86,0.43,0.43,30.0,15.0,27.0,8.0
7,Iowa State 🏀,13.5,15.9,29.4,-0.05,0.03,15.0,5.0,68.3,199.0,7.0,50.0,9.0,1.24,0.47,0.76,42.0,16.0,27.0,7.0
8,Illinois 🏀,18.8,9.2,28.0,-0.05,-0.05,2.0,25.0,67.1,275.0,8.0,221.0,7.0,1.13,0.22,0.91,36.0,7.0,24.0,8.0
9,Connecticut 🏀🤕,14.9,12.7,27.6,0.03,-0.05,11.0,12.0,65.4,344.0,9.0,214.0,8.0,0.53,0.24,0.29,18.0,8.0,29.0,5.0
10,Gonzaga 🏀📉🤕,11.8,14.1,25.9,-0.05,0.03,28.0,9.0,70.4,69.0,16.0,89.0,13.0,1.09,0.36,0.73,36.0,12.0,30.0,3.0
11,St. John's 🏀,10.8,14.7,25.6,0.03,0.03,34.0,7.0,70.8,53.0,10.0,96.0,12.0,0.74,0.21,0.53,25.0,7.0,28.0,6.0
12,Michigan State 🏀,12.7,11.9,24.6,0.03,-0.05,22.0,14.0,67.2,265.0,11.0,70.0,16.0,0.66,0.19,0.47,21.0,6.0,25.0,7.0
13,Virginia 🏀,12.6,11.5,24.1,0.03,0.03,23.0,15.0,66.9,283.0,12.0,100.0,23.0,0.94,0.21,0.74,32.0,7.0,29.0,5.0
14,Vanderbilt 🏀,16.0,8.0,24.0,0.03,-0.05,7.0,31.0,70.0,96.0,13.0,120.0,14.0,0.76,0.24,0.53,26.0,8.0,26.0,8.0
15,Arkansas 🏀,17.1,6.7,23.8,-0.05,0.03,6.0,44.0,71.5,27.0,14.0,54.0,11.0,0.85,0.26,0.59,29.0,9.0,26.0,8.0
16,Tennessee 🏀🔒,11.2,12.3,23.5,-0.05,-0.05,32.0,13.0,66.2,309.0,15.0,37.0,21.0,0.64,0.18,0.45,21.0,6.0,22.0,11.0
17,Alabama 🏀🔒🤕,17.3,5.9,23.1,-0.05,0.03,5.0,55.0,74.3,2.0,20.0,188.0,15.0,0.44,0.41,0.03,14.0,13.0,23.0,9.0
18,Nebraska 🏀,8.3,14.1,22.4,0.03,0.03,51.0,8.0,68.0,223.0,17.0,175.0,32.0,0.91,0.28,0.63,29.0,9.0,26.0,6.0
19,Wisconsin 🏀,15.7,6.5,22.1,0.03,-0.05,9.0,47.0,69.2,151.0,18.0,69.0,27.0,0.76,0.32,0.44,26.0,11.0,24.0,10.0
20,Kansas 🏀🥶,8.6,13.2,21.8,-0.05,0.03,48.0,11.0,68.7,174.0,19.0,6.0,18.0,0.52,0.45,0.06,17.0,15.0,23.0,10.0
21,Louisville 🏀🥶🤕,12.5,9.2,21.7,-0.05,0.03,24.0,23.0,71.0,47.0,23.0,30.0,10.0,1.0,0.33,0.67,33.0,11.0,23.0,10.0
22,Ohio State 🏀🔒,14.9,6.4,21.2,-0.05,-0.05,12.0,49.0,67.5,244.0,22.0,161.0,17.0,0.55,0.33,0.21,18.0,11.0,21.0,12.0
23,Saint Mary's 🏀,10.0,10.7,20.7,-0.05,-0.05,39.0,18.0,66.1,318.0,21.0,22.0,45.0,0.74,0.13,0.61,23.0,4.0,26.0,5.0
24,UCLA 🏀🤕,13.1,7.2,20.3,-0.05,-0.05,17.0,38.0,66.0,323.0,26.0,18.0,22.0,0.56,0.47,0.09,19.0,16.0,23.0,11.0
25,Kentucky 🏀,10.7,9.5,20.2,-0.05,-0.05,35.0,22.0,69.8,105.0,25.0,25.0,20.0,0.62,0.38,0.24,21.0,13.0,21.0,13.0
26,Iowa 🏀📉,12.1,7.9,20.1,-0.05,-0.05,27.0,32.0,64.8,359.0,24.0,64.0,26.0,0.73,0.52,0.21,24.0,17.0,21.0,12.0
27,Cincinnati,4.5,14.0,18.6,0.03,0.03,83.0,10.0,68.4,194.0,27.0,34.0,31.0,0.82,0.45,0.36,27.0,15.0,18.0,15.0
28,Miami (Fla.) 🏀,11.4,7.0,18.4,-0.05,0.03,31.0,40.0,68.8,167.0,28.0,284.0,24.0,0.73,0.24,0.48,24.0,8.0,25.0,8.0
29,Texas Tech 🏀🥶💥🤕,11.6,6.8,18.4,0.03,0.03,30.0,43.0,67.5,247.0,33.0,104.0,35.0,0.81,0.38,0.44,26.0,12.0,22.0,10.0
30,Saint Louis 🏀📉💥,10.5,7.7,18.2,0.03,0.03,36.0,33.0,72.1,17.0,29.0,5.0,47.0,1.19,0.28,0.91,38.0,9.0,27.0,5.0
31,Georgia 🏀📉,13.1,5.0,18.1,-0.05,0.03,16.0,64.0,72.4,14.0,31.0,125.0,28.0,0.97,0.44,0.53,31.0,14.0,22.0,10.0
32,Utah State 🏀💥,12.4,5.5,18.0,0.03,-0.05,25.0,59.0,68.5,182.0,30.0,80.0,40.0,0.64,0.21,0.42,21.0,7.0,27.0,6.0
33,Oklahoma 🔥,14.6,2.7,17.3,0.03,-0.05,13.0,106.0,67.5,248.0,32.0,47.0,33.0,0.56,0.35,0.21,19.0,12.0,19.0,15.0
34,Texas 🏀🥶,13.0,3.9,16.9,-0.05,-0.05,20.0,83.0,67.9,226.0,35.0,243.0,34.0,0.38,0.28,0.09,12.0,9.0,18.0,14.0
35,Santa Clara 🏀,12.8,4.1,16.9,-0.05,0.03,21.0,77.0,70.1,93.0,34.0,223.0,58.0,0.67,0.36,0.3,22.0,12.0,25.0,8.0
36,VCU 🏀🔥,9.9,6.8,16.6,0.03,0.03,40.0,42.0,69.9,102.0,40.0,142.0,53.0,0.56,0.41,0.15,19.0,14.0,27.0,7.0
37,Clemson 🏀🥶🔒🤕,6.4,10.1,16.5,-0.05,0.03,71.0,19.0,65.6,337.0,36.0,283.0,46.0,0.62,0.26,0.35,21.0,9.0,24.0,10.0
38,NC State 🥶💥,11.6,4.8,16.4,-0.05,-0.05,29.0,68.0,70.2,87.0,37.0,88.0,25.0,0.82,0.44,0.38,28.0,15.0,20.0,14.0
39,BYU 🏀📉🤕,9.8,6.6,16.4,-0.05,-0.05,41.0,46.0,70.9,48.0,38.0,16.0,19.0,0.52,0.39,0.12,17.0,13.0,23.0,11.0
40,TCU 🏀,6.9,9.2,16.1,0.03,0.03,68.0,24.0,69.0,158.0,39.0,119.0,43.0,0.52,0.3,0.21,17.0,10.0,22.0,11.0
41,SMU 🤕,12.2,3.6,15.8,-0.05,0.03,26.0,88.0,69.9,103.0,60.0,33.0,29.0,0.68,0.35,0.32,23.0,12.0,20.0,14.0
42,Texas A&M 🏀,9.4,6.3,15.7,-0.05,0.03,43.0,52.0,72.0,18.0,41.0,267.0,42.0,0.91,0.47,0.44,29.0,15.0,21.0,11.0
43,Auburn 🥶🤕,13.1,2.7,15.7,-0.05,0.03,19.0,108.0,68.4,187.0,42.0,53.0,30.0,0.5,0.44,0.06,17.0,15.0,18.0,16.0
44,South Florida 🏀🔥,8.0,7.7,15.7,-0.05,-0.05,54.0,34.0,72.4,15.0,43.0,227.0,44.0,0.72,0.34,0.38,23.0,11.0,24.0,8.0
45,Indiana 📉,11.0,4.6,15.7,-0.05,0.03,33.0,69.0,67.3,259.0,44.0,24.0,38.0,0.44,0.34,0.09,14.0,11.0,18.0,14.0
46,Villanova 🏀🥶🔒🤕,7.7,7.5,15.2,-0.05,-0.05,59.0,35.0,66.6,292.0,45.0,202.0,50.0,0.5,0.41,0.09,16.0,13.0,24.0,8.0
47,Baylor,13.1,2.0,15.0,-0.05,-0.05,18.0,126.0,68.9,165.0,46.0,83.0,37.0,0.58,0.39,0.19,18.0,12.0,15.0,16.0
48,Missouri 🏀,10.1,4.4,14.5,-0.05,0.03,38.0,74.0,67.6,239.0,48.0,204.0,36.0,0.53,0.34,0.19,17.0,11.0,20.0,12.0
49,North Carolina 🏀🥶🤕,8.0,6.4,14.4,-0.05,0.03,55.0,48.0,69.2,143.0,47.0,10.0,41.0,0.63,0.28,0.34,20.0,9.0,24.0,8.0
50,San Diego State,3.0,10.9,13.9,-0.05,-0.05,111.0,17.0,69.5,128.0,49.0,152.0,49.0,0.73,0.3,0.43,22.0,9.0,21.0,11.0
5,10,25,50.0,100.0,500.0,1000.0,,,,,,,,,,,,,,
25000,2345,,,,,,,,,,,,,,,,,,,
