Rk,Team,Eff,FTAR,FT%,FGAR,FG%,3PAR,3P%,MRAR,MR%,NPAR,NP%,PPSt,PPSC,SCC%,%3PA,%MRA,%NPA,Prox,AP%
1.0,Duke,129.58,34.54,71.66,89.0,51.1,37.89,36.58,9.93,43.51,41.18,66.29,13.83,20.0,8.75,42.57,11.15,46.27,1.963,1.0
1.0,Florida 6,,5.0,,,9.0,,,13.0,,,,,,,,,,,
1.0,Duke 1,,5.0,,,9.0,,,13.0,,,,,,,,,,,
1.0,Arizona 3,,5.0,,,9.0,,,13.0,,,,,,,,,,,
1.0,Michigan 2,,5.0,,,9.0,,,13.0,,,,,,,,,,,
2.0,Michigan,129.97,34.28,75.79,88.09,51.76,33.84,37.83,13.08,42.39,41.16,66.18,12.51,20.05,10.68,38.42,14.85,46.73,1.917,0.997
2.0,Purdue 7,,6.0,,,10.0,,,14.0,,,,,,,,,,,
2.0,Houston 5,,6.0,,,10.0,,,14.0,,,,,,,,,,,
2.0,Gonzaga 11,,6.0,,,10.0,,,14.0,,,,,,,,,,,
2.0,UConn 12,,6.0,,,10.0,,,14.0,,,,,,,,,,,
3.0,Arizona,127.38,38.09,73.9,88.69,50.88,24.54,36.6,26.56,45.42,37.6,64.05,14.48,16.61,6.9,27.66,29.95,42.39,1.853,0.995
3.0,Virginia 10,,7.0,,,11.0,,,15.0,,,,,,,,,,,
3.0,Illinois 4,,7.0,,,11.0,,,15.0,,,,,,,,,,,
3.0,Nebraska 18,,7.0,,,11.0,,,15.0,,,,,,,,,,,
3.0,Michigan State 9,,7.0,,,11.0,,,15.0,,,,,,,,,,,
4.0,Illinois,133.05,32.2,79.14,94.28,48.41,45.18,36.06,14.66,41.28,34.44,67.63,8.04,14.95,7.19,47.92,15.55,36.53,2.114,0.992
4.0,Arkansas 13,,8.0,,,12.0,,,16.0,,,,,,,,,,,
4.0,Alabama 14,,8.0,,,12.0,,,16.0,,,,,,,,,,,
4.0,Iowa State 8,,8.0,,,12.0,,,16.0,,,,,,,,,,,
4.0,Vanderbilt 16,,8.0,,,12.0,,,16.0,,,,,,,,,,,
5.0,Houston,125.53,28.99,77.25,95.0,46.9,37.89,36.98,28.49,39.01,28.62,67.89,15.06,15.64,6.0,39.88,29.99,30.13,2.098,0.989
6.0,Florida,126.81,34.97,71.18,90.75,49.97,33.68,33.35,16.0,43.72,41.07,66.02,14.43,21.08,9.91,37.11,17.63,45.26,1.919,0.986
7.0,Purdue,134.69,30.33,73.91,93.89,52.11,36.49,39.51,25.91,47.67,31.49,70.36,12.96,17.83,8.4,38.87,27.6,33.54,2.053,0.984
8.0,Iowa State,123.82,31.81,67.79,90.12,49.15,36.17,37.77,18.49,40.18,35.46,65.44,17.19,17.62,8.11,40.14,20.52,39.35,2.008,0.981
9.0,Michigan State,124.6,33.7,75.54,88.29,49.43,31.09,38.15,24.1,41.65,33.1,65.68,10.73,17.52,8.86,35.21,27.3,37.49,1.977,0.978
10.0,Virginia,124.3,30.21,74.02,91.3,47.61,40.7,36.85,16.06,44.52,34.53,61.73,13.21,17.45,7.26,44.58,17.59,37.83,2.068,0.975
11.0,Gonzaga,121.18,28.55,70.2,90.21,50.56,29.69,33.41,24.76,46.82,35.76,67.38,15.05,15.87,8.33,32.91,27.45,39.64,1.933,0.973
12.0,UConn,124.18,29.0,71.08,91.15,49.14,39.22,35.64,17.07,47.07,34.86,65.36,13.77,20.16,7.66,43.03,18.73,38.24,2.048,0.97
13.0,Arkansas,129.42,30.58,75.52,91.06,51.83,30.18,39.54,20.04,37.5,40.83,67.95,15.56,17.08,9.45,33.15,22.01,44.84,1.883,0.967
14.0,Alabama,129.62,33.4,76.32,89.7,48.72,45.05,37.12,10.19,47.99,34.46,64.11,13.48,15.42,7.32,50.22,11.36,38.42,2.118,0.964
15.0,Wisconsin,128.81,31.22,79.05,91.09,47.67,45.57,37.92,11.92,45.6,33.6,61.64,11.73,17.26,7.11,50.02,13.09,36.89,2.131,0.962
16.0,Vanderbilt,127.45,33.2,79.08,89.48,48.92,37.64,36.27,17.61,42.79,34.22,65.99,16.32,16.57,8.01,42.07,19.68,38.25,2.038,0.959
17.0,Tennessee,123.47,35.33,68.97,92.67,47.91,29.82,34.59,22.08,39.29,40.77,62.32,14.41,21.13,9.01,32.18,23.83,43.99,1.882,0.956
18.0,Nebraska,119.82,26.52,74.55,89.39,47.43,42.55,35.87,14.46,37.42,32.38,67.09,15.09,15.77,6.34,47.6,16.18,36.22,2.114,0.953
19.0,St. John's,121.32,36.18,72.13,89.91,46.95,32.13,33.58,18.53,38.53,39.26,61.87,16.51,22.1,9.49,35.73,20.61,43.66,1.921,0.951
20.0,Ohio State,127.33,33.99,78.76,86.47,50.91,33.05,37.89,21.96,48.84,31.47,66.03,10.01,13.8,5.52,38.22,25.39,36.39,2.018,0.948
21.0,Louisville,124.34,30.37,76.38,87.77,48.81,42.94,36.02,9.79,47.38,35.04,64.88,15.54,15.34,5.76,48.92,11.16,39.92,2.09,0.945
22.0,Texas Tech,126.15,24.89,72.16,92.28,49.12,43.06,40.72,21.71,44.8,27.51,65.68,11.71,15.85,7.11,46.66,23.52,29.81,2.168,0.942
23.0,Saint Mary's,123.39,30.02,81.99,91.29,46.66,34.28,39.59,22.53,38.07,34.48,59.31,10.48,19.96,7.92,37.55,24.68,37.76,1.998,0.94
24.0,Iowa,124.18,31.76,77.2,86.99,50.14,33.89,36.65,15.17,42.19,37.93,65.37,11.6,13.39,5.65,38.96,17.43,43.61,1.954,0.937
25.0,Kansas,118.98,30.82,77.57,89.55,46.76,31.49,35.99,23.71,36.47,34.35,63.73,11.83,17.07,7.31,35.17,26.47,38.36,1.968,0.934
26.0,Kentucky,122.25,34.43,72.51,88.62,48.17,34.38,34.62,20.12,41.01,34.12,66.04,14.84,17.8,8.03,38.8,22.7,38.5,2.003,0.931
27.0,UCLA,126.72,31.7,75.84,90.93,49.33,32.3,40.17,26.4,43.04,32.23,63.66,12.58,14.94,6.85,35.52,29.03,35.45,2.001,0.929
28.0,North Carolina,122.51,32.13,68.28,88.43,49.59,35.27,36.49,18.46,44.1,34.7,65.82,9.84,15.94,8.84,39.89,20.87,39.24,2.006,0.926
29.0,BYU,124.84,31.41,74.26,91.06,48.78,35.74,35.46,23.48,43.62,31.85,67.54,13.03,16.54,7.89,39.25,25.78,34.97,2.043,0.923
30.0,Georgia,125.76,31.59,74.59,90.64,48.64,39.24,35.72,12.99,40.51,38.41,64.59,18.42,19.44,8.39,43.29,14.33,42.38,2.009,0.92
31.0,Santa Clara,124.24,25.11,75.05,94.7,47.89,41.05,35.8,19.4,46.41,34.25,63.22,15.97,19.05,8.24,43.34,20.49,36.17,2.072,0.918
32.0,Clemson,117.73,32.63,73.33,86.71,46.79,35.81,35.34,17.67,45.69,33.24,59.71,11.05,14.46,6.1,41.29,20.38,38.33,2.03,0.915
33.0,Oklahoma,126.29,32.15,74.1,89.47,49.02,38.19,38.65,17.92,46.13,33.36,62.43,12.87,15.67,7.73,42.69,20.03,37.29,2.054,0.912
34.0,Utah State,121.71,31.61,69.81,88.59,49.31,34.27,35.83,13.97,39.64,40.35,64.12,17.22,18.1,9.49,38.69,15.77,45.54,1.931,0.909
35.0,Miami,122.37,33.0,68.04,88.92,50.65,27.57,35.74,19.65,41.42,41.69,64.85,14.91,16.89,8.3,31.01,22.1,46.89,1.841,0.907
36.0,Indiana,123.36,30.3,79.96,85.69,49.39,40.57,35.71,12.13,48.87,32.99,66.4,9.8,13.54,5.86,47.34,14.16,38.5,2.088,0.904
37.0,Auburn,125.02,37.79,74.87,88.32,47.95,34.57,34.78,15.88,42.3,37.87,62.33,15.03,17.3,6.8,39.14,17.98,42.88,1.963,0.901
38.0,NC State,125.05,33.33,76.6,87.48,48.71,35.97,39.77,15.4,37.07,36.11,62.57,14.35,16.41,8.15,41.12,17.61,41.27,1.998,0.898
39.0,Saint Louis,120.47,27.96,74.52,85.25,49.61,37.92,39.69,9.1,38.5,38.23,62.08,13.48,13.04,5.88,44.48,10.68,44.85,1.996,0.896
40.0,Texas A&M,120.9,31.39,74.14,89.8,46.51,40.24,35.01,11.54,40.1,38.02,60.62,16.53,15.84,5.69,44.81,12.85,42.33,2.025,0.89
41.0,Texas,124.81,36.94,76.16,86.25,49.76,30.04,36.1,20.29,43.73,35.92,64.58,11.34,15.3,6.93,34.83,23.52,41.64,1.932,0.89
42.0,Villanova,118.96,28.4,68.67,91.01,46.37,42.44,35.49,16.7,40.99,31.87,63.67,15.32,14.56,5.62,46.64,18.35,35.02,2.116,0.89
43.0,Missouri,120.77,35.99,69.15,84.49,50.23,30.49,36.12,15.58,37.78,38.42,66.48,14.55,16.45,8.85,36.08,18.45,45.47,1.906,0.885
44.0,SMU,122.56,26.9,74.34,91.17,49.39,32.86,38.08,25.03,45.08,33.28,63.79,14.29,17.71,7.96,36.04,27.45,36.51,1.995,0.882
45.0,Cincinnati,113.85,26.88,68.19,90.89,45.05,37.94,35.93,24.85,39.04,28.09,62.68,12.83,17.24,6.96,41.75,27.34,30.91,2.108,0.879
46.0,TCU,116.92,34.62,70.8,88.82,46.0,31.74,33.7,20.54,39.57,36.53,60.31,14.56,17.61,7.5,35.73,23.13,41.13,1.946,0.876
47.0,New Mexico,119.17,31.67,71.73,89.54,46.75,34.13,37.33,15.72,40.69,39.69,57.25,14.78,16.42,5.72,38.12,17.55,44.33,1.938,0.874
48.0,Baylor,123.09,30.45,72.79,91.78,48.26,35.2,35.03,27.27,46.46,29.32,65.82,13.14,19.37,7.91,38.35,29.71,31.94,2.064,0.871
49.0,Florida State,120.68,31.47,71.07,88.68,47.23,41.31,35.22,13.83,45.28,33.54,62.82,14.79,15.12,6.51,46.58,15.6,37.82,2.088,0.868
50.0,San Diego State,114.43,31.87,73.27,86.24,47.08,28.18,35.09,24.82,37.08,33.24,64.7,14.5,16.51,6.75,32.67,28.78,38.55,1.941,0.865
51.0,UCF,119.84,29.19,74.43,90.39,48.02,31.07,36.39,22.49,39.56,36.83,62.98,11.78,17.19,7.46,34.37,24.88,40.75,1.936,0.863
52.0,VCU,119.86,34.9,73.84,87.1,46.42,36.46,36.3,15.52,42.11,35.12,58.82,13.32,15.37,5.39,41.86,17.82,40.32,2.015,0.86
53.0,USF,117.06,34.09,73.97,90.74,43.65,38.32,32.93,10.22,34.84,42.2,55.52,18.13,19.43,7.04,42.23,11.27,46.5,1.957,0.854
54.0,Virginia Tech,118.96,29.49,75.17,89.18,46.99,35.29,36.78,20.25,36.98,33.64,63.73,13.31,17.25,8.0,39.57,22.71,37.72,2.019,0.854
55.0,Washington,118.29,28.24,77.66,90.63,47.39,31.59,33.14,25.51,43.97,33.54,63.41,11.31,18.8,8.61,34.85,28.14,37.01,1.978,0.854
56.0,Seton Hall,112.41,32.75,72.96,89.88,44.36,27.94,31.4,21.97,38.12,39.97,56.86,17.94,21.3,7.9,31.09,24.44,44.47,1.866,0.849
57.0,Stanford,117.98,30.01,72.38,89.36,46.12,37.44,36.97,15.32,42.29,36.6,57.08,14.66,16.9,6.12,41.9,17.14,40.96,2.009,0.846
58.0,Northwestern,119.21,32.02,75.58,88.15,48.07,29.01,35.38,25.18,43.11,33.97,62.58,13.42,16.53,7.95,32.9,28.56,38.53,1.944,0.843
59.0,West Virginia,111.97,30.48,66.17,87.6,45.41,36.92,33.16,14.85,38.39,35.83,60.95,12.19,15.53,6.82,42.15,16.95,40.9,2.012,0.841
60.0,Belmont,121.93,27.18,69.04,84.65,51.64,38.26,41.12,12.96,43.03,33.44,67.01,10.04,12.43,6.77,45.2,15.31,39.5,2.057,0.838
61.0,Grand Canyon,113.22,31.53,74.73,86.01,45.8,32.2,33.75,18.76,36.48,35.05,61.87,11.49,13.11,5.14,37.44,21.81,40.75,1.967,0.835
62.0,Boise State,118.7,31.85,78.93,88.87,45.31,36.98,35.21,17.5,40.7,34.39,58.53,8.07,16.16,6.0,41.61,19.69,38.69,2.029,0.832
63.0,Ole Miss,115.67,29.09,73.99,88.97,46.75,32.41,33.83,28.66,41.28,27.9,67.37,14.53,13.13,5.62,36.42,32.22,31.36,2.051,0.83
64.0,McNeese,116.28,29.61,74.5,93.76,44.39,34.48,31.88,20.16,39.4,39.12,57.98,20.91,18.6,6.45,36.77,21.51,41.72,1.95,0.827
65.0,Arizona State,115.82,33.18,74.96,85.58,46.47,33.09,34.5,19.19,40.5,33.3,61.79,14.02,15.34,7.03,38.67,22.42,38.91,1.998,0.824
66.0,Northern Iowa,111.18,23.52,69.84,86.93,47.89,33.46,34.34,18.27,43.82,35.2,62.88,10.55,11.19,5.75,38.49,21.02,40.49,1.98,0.821
67.0,Wake Forest,118.53,31.66,76.82,87.18,46.42,37.46,35.43,18.96,41.35,30.75,62.94,13.68,13.16,5.69,42.97,21.75,35.28,2.077,0.819
68.0,Nevada,115.32,36.16,75.56,86.65,44.82,28.05,36.84,23.36,38.23,35.24,55.54,12.8,16.18,5.88,32.37,26.96,40.66,1.917,0.816
69.0,USC,114.71,36.5,72.6,84.32,46.75,27.9,33.56,21.26,39.7,35.17,61.48,10.83,18.12,6.85,33.08,25.21,41.71,1.914,0.813
70.0,Marquette,112.76,28.84,66.37,88.9,45.55,38.76,32.57,10.59,39.03,39.55,60.02,17.7,14.29,5.21,43.6,11.91,44.49,1.991,0.81
71.0,Akron,119.58,24.29,75.26,91.19,47.46,39.88,36.96,17.87,42.06,33.44,62.86,12.29,13.82,5.24,43.73,19.59,36.67,2.071,0.808
72.0,Georgetown,115.07,31.49,74.2,87.87,45.88,33.55,33.02,20.72,41.83,33.6,61.21,14.23,19.78,8.94,38.18,23.58,38.24,1.999,0.805
73.0,Providence,120.17,32.05,76.04,85.77,48.0,36.35,37.04,14.99,41.76,34.43,62.28,11.55,14.68,7.19,42.38,17.47,40.14,2.022,0.802
74.0,Minnesota,115.31,29.3,68.5,84.52,48.07,38.38,36.42,13.68,42.45,32.45,64.23,11.94,11.87,5.31,45.42,16.18,38.4,2.07,0.797
75.0,Tulsa,120.57,31.07,78.14,87.56,46.2,39.9,38.57,12.07,35.31,35.59,58.45,13.08,13.94,7.19,45.57,13.78,40.65,2.049,0.797
76.0,Colorado,118.68,30.58,75.87,86.83,48.35,31.29,36.79,20.08,41.52,35.46,62.41,14.6,13.09,6.06,36.03,23.13,40.84,1.952,0.797
77.0,Oklahoma State,119.81,33.17,75.0,89.1,47.02,31.99,34.83,14.82,38.53,42.29,59.22,13.39,17.54,7.35,35.9,16.63,47.46,1.884,0.791
78.0,LSU,119.77,32.48,75.42,87.2,48.5,30.25,35.36,20.78,41.38,36.16,63.57,11.03,17.37,8.15,34.69,23.84,41.47,1.932,0.788
79.0,Butler,117.18,35.46,72.33,87.09,46.39,32.09,33.43,16.67,39.14,38.33,60.4,14.02,16.88,6.35,36.85,19.14,44.01,1.928,0.786
80.0,Creighton,116.29,25.28,77.12,88.94,45.88,42.85,35.44,17.2,39.37,28.89,65.23,12.6,12.49,4.28,48.18,19.34,32.48,2.157,0.783
81.0,California,114.86,30.93,77.81,85.69,45.57,35.08,36.21,20.59,38.97,30.02,61.03,10.46,11.65,4.07,40.94,24.03,35.03,2.059,0.78
82.0,Dayton,111.42,35.48,75.13,80.54,45.65,32.45,34.64,13.05,32.75,35.04,60.65,13.45,12.27,5.24,40.29,16.21,43.51,1.968,0.777
83.0,Oregon,112.3,31.2,73.91,86.62,44.9,34.83,32.88,18.42,39.93,33.37,60.19,11.24,17.69,7.78,40.21,21.26,38.52,2.017,0.775
84.0,Utah Valley,113.26,29.19,67.72,85.55,48.56,29.46,35.31,17.54,37.03,38.54,63.94,13.75,16.77,7.95,34.44,20.51,45.05,1.894,0.772
85.0,G. Washington,116.92,29.83,71.65,89.01,45.82,41.09,34.0,9.98,38.57,37.94,60.53,12.91,18.38,7.07,46.16,11.22,42.62,2.035,0.769
86.0,Pittsburgh,114.77,27.61,67.95,90.98,45.76,37.88,33.66,17.88,41.89,35.22,60.72,12.57,16.42,6.14,41.63,19.66,38.71,2.029,0.764
87.0,Notre Dame,114.98,30.18,69.33,87.95,45.98,37.3,35.33,20.33,37.69,30.32,64.64,9.88,15.76,6.18,42.41,23.12,34.48,2.079,0.764
88.0,Xavier,117.91,26.13,74.02,90.47,46.69,37.67,37.38,22.78,41.89,30.03,62.02,15.16,13.53,5.22,41.64,25.18,33.19,2.085,0.761
89.0,Colorado State,117.19,30.15,77.46,83.18,47.68,37.67,38.53,15.96,37.81,29.55,64.66,10.03,12.61,5.27,45.29,19.19,35.52,2.098,0.758
90.0,Yale,120.14,29.77,75.2,88.72,47.75,33.65,38.72,20.48,41.73,34.59,60.09,7.08,14.89,6.73,37.93,23.08,38.99,1.989,0.758
91.0,Wichita State,111.43,30.32,70.08,91.24,43.78,31.04,33.15,25.3,39.39,34.9,56.42,11.69,20.33,8.05,34.02,27.73,38.25,1.958,0.753
92.0,South Carolina,113.66,30.03,77.62,86.57,45.13,37.8,32.27,18.23,42.67,30.54,62.53,10.76,12.36,5.13,43.66,21.06,35.28,2.084,0.75
93.0,High Point,117.15,34.21,74.86,87.53,45.11,37.51,33.53,13.47,33.56,36.56,61.24,17.33,15.86,6.34,42.85,15.38,41.76,2.011,0.747
94.0,Hofstra,113.93,28.26,75.99,90.5,43.17,39.06,36.7,23.16,38.31,28.28,56.07,8.43,16.35,6.12,43.16,25.59,31.24,2.119,0.745
95.0,Syracuse,113.9,30.29,65.37,87.42,47.63,31.89,33.93,19.9,40.57,35.63,63.85,12.42,13.12,6.32,36.48,22.77,40.75,1.957,0.742
96.0,St. Thomas,115.26,27.96,69.19,85.18,48.26,38.58,35.5,11.7,37.87,34.89,65.85,13.96,9.48,4.14,45.3,13.74,40.97,2.043,0.739
97.0,Stephen F. Austin,113.12,24.46,68.4,95.82,43.48,37.1,35.21,25.12,39.78,33.61,55.37,13.01,17.85,5.35,38.71,26.21,35.08,2.036,0.736
98.0,Mississippi St.,112.84,27.14,67.03,88.49,46.98,34.47,33.35,22.75,40.86,31.27,66.47,10.47,16.09,7.42,38.96,25.71,35.34,2.036,0.734
99.0,Miami (OH),117.06,29.78,74.4,84.64,48.14,36.94,36.32,16.3,41.6,31.41,65.44,10.38,11.19,5.47,43.64,19.25,37.1,2.065,0.731
100.0,Illinois State,111.4,27.62,71.51,85.12,46.56,35.04,35.36,19.78,37.81,30.3,65.22,8.99,10.32,4.77,41.16,23.24,35.6,2.056,0.728
101.0,UIC,112.11,30.55,73.16,88.68,45.1,29.96,32.61,23.63,40.92,35.08,58.58,14.99,17.34,7.54,33.79,26.65,39.56,1.942,0.725
102.0,Cal Baptist,108.6,27.66,71.7,91.38,42.58,31.99,34.22,20.57,37.6,38.83,52.12,8.88,16.73,6.34,35.0,22.51,42.49,1.925,0.723
103.0,George Mason,114.01,31.02,72.32,86.82,46.67,31.89,33.04,21.35,40.18,33.59,63.74,9.37,15.32,6.97,36.73,24.59,38.68,1.98,0.72
104.0,North Dakota St.,111.63,26.51,70.34,89.68,44.37,37.69,35.56,20.56,39.23,31.42,58.31,16.01,14.54,5.34,42.03,22.93,35.04,2.07,0.717
105.0,Rutgers,111.78,32.3,73.6,88.09,44.16,29.17,34.97,27.22,38.68,31.7,57.33,12.57,16.71,6.58,33.12,30.9,35.98,1.971,0.714
106.0,DePaul,107.49,29.56,68.99,86.65,43.67,35.02,32.62,18.59,39.35,33.04,57.81,14.32,14.76,6.0,40.41,21.45,38.13,2.023,0.712
107.0,Saint Joe's,109.06,25.91,74.61,88.79,43.33,39.71,32.18,13.84,35.32,35.24,59.04,10.04,15.24,5.61,44.73,15.59,39.69,2.05,0.709
108.0,Kansas State,113.1,26.3,70.66,87.97,46.91,33.86,35.38,18.85,36.43,35.25,63.61,14.22,14.2,6.41,38.5,21.43,40.07,1.984,0.706
109.0,Maryland,112.61,31.59,71.73,88.23,43.61,39.31,33.06,17.1,38.53,31.81,59.38,10.06,17.78,6.43,44.55,19.39,36.06,2.085,0.703
110.0,Seattle,105.29,28.9,70.73,84.48,43.69,33.24,33.19,18.6,37.6,32.63,57.86,10.12,12.83,4.56,39.35,22.02,38.63,2.007,0.701
111.0,UC Irvine,107.24,27.27,69.82,88.21,45.02,24.84,35.31,25.8,39.15,37.56,55.48,12.85,16.32,7.04,28.17,29.25,42.58,1.856,0.698
112.0,Hawaii,109.72,31.42,74.25,84.1,45.23,32.23,31.97,15.16,37.66,36.71,60.0,10.97,15.75,6.82,38.32,18.03,43.65,1.947,0.695
113.0,Pacific,110.89,25.34,75.98,87.61,45.88,31.16,36.06,21.54,43.66,34.92,56.02,7.1,16.49,6.26,35.57,24.58,39.85,1.957,0.692
114.0,UNLV,114.85,32.12,68.69,85.8,47.57,29.96,37.26,19.0,39.44,36.85,60.15,12.68,16.65,7.31,34.91,22.14,42.95,1.92,0.687
115.0,UTRGV,112.43,21.92,76.3,89.02,45.79,38.88,36.45,18.03,38.34,32.11,61.28,12.18,13.9,5.5,43.67,20.25,36.07,2.076,0.687
116.0,San Francisco,114.47,31.93,71.04,86.86,44.91,38.78,35.52,17.52,37.94,30.56,60.82,8.54,13.54,5.5,44.64,20.17,35.18,2.095,0.687
117.0,UNC Wilmington,111.31,34.57,68.89,89.13,42.4,35.14,33.9,23.1,35.0,30.9,57.6,8.94,16.23,6.27,39.42,25.91,34.66,2.048,0.681
118.0,Sam Houston,113.22,26.79,71.88,90.17,45.72,31.23,36.86,20.08,37.12,38.86,57.28,13.9,18.31,7.69,34.63,22.27,43.1,1.915,0.679
119.0,S. Illinois,106.01,26.98,68.98,88.48,45.04,26.82,28.69,24.8,41.76,36.85,59.14,13.92,12.34,4.68,30.32,28.03,41.65,1.887,0.676
120.0,Montana State,112.99,24.6,74.07,89.42,44.77,39.95,36.79,22.34,41.74,27.14,59.02,11.25,11.56,3.97,44.68,24.98,30.35,2.143,0.673
121.0,Bradley,112.26,29.96,73.73,86.96,44.6,34.5,36.49,21.47,36.23,30.99,59.43,11.94,13.2,5.83,39.67,24.69,35.64,2.04,0.67
122.0,UC San Diego,107.94,25.44,69.77,86.66,45.32,35.26,33.02,15.7,37.63,35.7,60.84,12.93,12.66,5.49,40.69,18.12,41.19,1.995,0.668
123.0,UCSB,113.97,28.15,78.11,84.25,46.61,35.99,37.35,17.01,38.93,31.26,61.45,9.06,12.99,5.0,42.71,20.19,37.1,2.056,0.665
124.0,Wyoming,114.8,29.13,74.78,90.28,44.68,36.85,33.51,15.36,40.25,38.07,57.27,10.62,15.3,5.23,40.81,17.02,42.17,1.986,0.662
125.0,Utah,114.46,27.83,73.46,88.27,46.59,32.62,36.1,19.81,41.57,35.83,58.91,12.2,14.91,6.29,36.96,22.45,40.59,1.964,0.659
126.0,Washington St.,114.42,25.03,74.24,86.28,47.37,37.81,37.27,18.96,39.66,29.51,65.26,10.6,12.31,5.54,43.82,21.98,34.21,2.096,0.657
127.0,Idaho,111.34,28.92,72.46,88.22,43.32,39.78,35.04,17.09,36.7,31.35,57.44,9.15,15.03,6.35,45.09,19.38,35.53,2.096,0.654
128.0,Murray State,115.28,32.06,75.57,85.67,45.9,35.49,34.96,16.8,39.65,33.38,60.68,11.57,14.99,6.14,41.42,19.61,38.97,2.025,0.651
129.0,Davidson,109.4,28.05,63.67,86.91,45.42,36.76,34.27,21.16,44.16,28.99,60.46,9.64,12.67,5.33,42.3,24.35,33.36,2.089,0.648
130.0,St. Bonaventure,113.31,27.12,74.68,88.93,46.59,27.87,36.57,26.45,40.94,34.61,58.97,15.05,16.58,7.31,31.34,29.74,38.92,1.924,0.646
131.0,Liberty,118.28,22.84,71.04,87.16,49.7,39.9,38.62,9.69,41.7,37.58,63.53,10.07,8.27,4.33,45.77,11.11,43.11,2.027,0.64
132.0,Fresno State,109.6,26.58,75.09,87.81,44.58,33.83,33.53,21.95,40.71,32.03,58.91,12.03,11.88,4.92,38.53,25.0,36.48,2.021,0.64
133.0,FAU,109.16,27.31,70.44,86.47,45.92,31.83,33.01,19.38,39.9,35.26,60.89,10.75,13.48,5.95,36.81,22.41,40.78,1.96,0.64
134.0,N. Colorado,112.69,23.1,75.44,87.55,47.08,36.44,35.22,17.87,43.5,33.23,62.0,7.27,11.62,5.4,41.62,20.42,37.96,2.037,0.635
135.0,Robert Morris,112.12,22.76,69.74,91.67,45.19,37.13,36.08,21.92,38.71,32.62,59.91,8.76,17.0,7.11,40.5,23.92,35.58,2.049,0.629
136.0,E. Washington,114.23,30.07,74.53,85.05,47.28,31.15,36.59,20.61,43.68,33.3,59.5,10.04,14.33,6.95,36.62,24.23,39.15,1.975,0.629
137.0,UAB,110.32,30.26,71.45,91.32,44.35,27.55,27.91,22.99,34.78,40.78,60.86,14.85,16.35,6.68,30.17,25.18,44.66,1.855,0.626
138.0,Duquesne,111.33,31.37,71.21,86.66,44.4,36.97,32.6,13.72,37.2,35.97,59.27,13.98,15.16,6.34,42.66,15.83,41.5,2.012,0.626
139.0,Wright State,111.94,29.4,74.62,86.55,46.21,29.04,34.44,20.4,38.14,37.11,59.86,11.88,14.96,6.42,33.55,23.57,42.88,1.907,0.621
140.0,Memphis,109.43,29.56,71.61,88.21,44.64,29.49,32.24,24.16,39.18,34.56,59.04,15.25,19.35,8.16,33.43,27.39,39.18,1.943,0.618
141.0,Portland State,105.14,29.92,70.55,85.52,43.05,31.58,32.92,18.72,35.56,35.22,56.12,13.11,13.99,5.89,36.93,21.89,41.19,1.957,0.615
142.0,Penn State,113.15,30.52,75.19,83.5,47.91,30.91,33.01,18.18,43.08,34.42,63.84,14.72,11.44,5.7,37.01,21.77,41.22,1.958,0.613
143.0,North Texas,105.88,32.75,69.95,88.19,42.51,27.41,29.17,23.02,31.26,37.76,59.04,16.24,18.31,6.46,31.08,26.11,42.82,1.883,0.607
144.0,Troy,110.62,28.54,74.42,88.91,43.47,37.78,31.99,13.54,37.54,37.59,57.14,14.07,16.83,6.49,42.49,15.23,42.28,2.002,0.604
145.0,Cent. Arkansas,110.29,25.25,70.06,88.06,44.4,40.68,35.42,14.95,34.35,32.43,60.29,17.52,12.77,4.57,46.2,16.98,36.83,2.094,0.604
146.0,Arkansas State,111.49,29.94,73.95,87.79,43.88,37.17,33.09,15.55,35.92,35.07,58.85,12.45,19.38,8.62,42.34,17.71,39.95,2.024,0.602
147.0,Oregon State,110.68,31.8,77.93,82.29,44.39,35.41,36.25,17.83,37.4,29.05,58.61,8.71,14.86,6.92,43.03,21.67,35.31,2.077,0.602
148.0,UC Davis,108.88,30.75,74.7,83.4,44.21,34.89,34.88,18.96,36.42,29.54,60.23,12.92,11.73,4.9,41.84,22.74,35.42,2.064,0.596
149.0,Kennesaw State,111.12,33.36,69.47,86.87,43.82,34.8,33.92,15.22,33.79,36.85,57.32,11.5,17.57,6.83,40.06,17.52,42.42,1.976,0.596
150.0,Boston College,105.22,27.97,65.01,88.61,42.91,35.62,30.86,23.43,41.73,29.57,58.37,9.61,14.32,5.47,40.19,26.44,33.37,2.068,0.588
151.0,Toledo,113.81,24.02,75.04,88.88,47.94,28.62,36.92,25.76,47.52,34.51,57.4,14.61,11.08,5.52,32.2,28.98,38.82,1.934,0.588
152.0,UT Arlington,104.51,31.48,72.5,86.13,42.35,28.77,30.36,18.8,34.57,38.57,55.09,12.74,13.62,6.23,33.4,21.82,44.77,1.886,0.585
153.0,Richmond,111.73,29.6,74.55,86.24,44.52,36.23,35.53,23.91,39.64,26.1,61.46,11.42,11.56,4.11,42.01,27.72,30.27,2.117,0.585
154.0,ETSU,109.6,29.17,74.49,84.23,46.39,30.66,31.7,18.78,40.11,34.79,62.74,12.96,12.87,5.71,36.41,22.29,41.3,1.951,0.577
155.0,Valparaiso,108.92,33.23,70.1,87.15,42.75,31.93,34.81,26.41,35.47,28.8,58.23,8.68,17.31,6.17,36.65,30.31,33.05,2.036,0.574
156.0,CSU Northridge,110.09,28.79,66.77,87.79,46.14,29.81,33.06,17.23,37.16,40.75,59.49,12.74,18.4,8.1,33.95,19.63,46.42,1.875,0.574
157.0,URI,105.16,30.69,71.97,83.67,42.93,35.82,31.34,15.3,40.54,32.55,56.81,13.34,12.6,4.4,42.81,18.29,38.9,2.039,0.571
158.0,Navy,107.53,28.69,73.08,84.89,45.08,29.18,34.35,22.48,40.09,33.24,57.87,11.92,14.8,6.65,34.37,26.47,39.16,1.952,0.571
159.0,MTSU,110.14,25.69,69.32,88.25,45.01,37.53,34.36,21.0,40.05,29.72,61.95,11.96,13.24,5.71,42.53,23.79,33.67,2.089,0.569
160.0,Georgia Tech,108.01,28.89,70.61,85.5,45.38,28.77,34.84,22.17,36.91,34.56,59.58,11.06,16.53,5.63,33.65,25.93,40.42,1.932,0.563
161.0,Temple,111.42,32.4,74.29,87.39,44.12,31.02,33.02,21.42,37.82,34.95,57.82,9.11,14.31,5.19,35.5,24.51,39.99,1.955,0.56
162.0,Monmouth,107.94,25.86,76.16,88.2,43.8,32.41,33.89,24.28,39.08,31.51,57.63,14.09,14.81,6.2,36.75,27.53,35.72,2.01,0.558
163.0,Cornell,119.35,26.7,73.8,86.66,47.95,43.58,37.93,10.19,44.52,32.89,62.29,10.52,11.86,4.84,50.29,11.75,37.95,2.123,0.555
164.0,CSU Fullerton,109.2,28.78,71.7,85.47,44.28,36.75,35.06,18.65,39.11,30.07,58.74,16.86,12.59,5.26,43.0,21.82,35.18,2.078,0.552
165.0,Oakland,114.93,30.18,75.04,89.28,45.65,31.4,34.31,20.19,42.25,37.69,56.91,15.25,16.62,7.96,35.17,22.61,42.22,1.93,0.547
166.0,Kent State,111.13,34.27,73.57,86.13,42.41,37.41,34.38,18.4,37.76,30.32,55.14,12.25,15.92,5.59,43.43,21.36,35.2,2.082,0.547
167.0,Winthrop,110.83,36.16,73.04,86.16,41.73,38.48,32.51,15.81,35.79,31.88,55.81,11.9,15.07,6.67,44.66,18.35,36.99,2.077,0.544
168.0,Loyola Marymount,106.6,24.49,68.49,86.55,45.09,33.77,34.87,24.92,40.19,27.87,61.86,10.57,11.24,4.11,39.01,28.79,32.2,2.068,0.544
169.0,Mercer,112.77,32.75,73.41,86.73,44.75,32.69,33.98,20.58,37.32,33.46,59.84,14.49,16.58,7.17,37.69,23.73,38.58,1.991,0.538
170.0,Harvard,105.9,21.85,80.55,85.51,44.4,36.39,34.01,19.36,39.64,29.76,60.18,10.22,10.58,3.89,42.56,22.64,34.8,2.078,0.533
171.0,Towson,105.91,27.03,69.35,93.17,41.45,31.99,31.04,28.26,37.83,32.93,54.68,10.38,18.32,5.34,34.33,30.33,35.34,1.99,0.53
172.0,N. Kentucky,111.46,29.26,72.39,88.26,43.81,38.96,33.24,14.31,36.26,34.99,58.67,16.15,16.52,6.53,44.15,16.21,39.65,2.045,0.53
173.0,Tennessee St.,109.39,27.12,76.72,88.99,44.68,27.3,33.2,27.28,38.46,34.42,58.71,16.44,17.13,6.89,30.67,30.65,38.68,1.92,0.53
174.0,Penn,107.25,28.74,69.19,86.24,43.41,32.07,38.93,23.09,35.2,31.08,54.14,10.33,16.24,6.4,37.19,26.77,36.04,2.011,0.522
175.0,Texas A&M-CC,105.66,29.68,67.1,85.09,44.52,27.81,35.9,20.93,37.6,36.34,55.1,13.5,14.9,5.28,32.69,24.6,42.71,1.9,0.522
176.0,Montana,107.55,26.4,76.86,79.84,46.79,34.38,36.52,18.22,42.93,27.24,62.33,7.5,8.38,4.14,43.06,22.82,34.12,2.089,0.519
177.0,Cal Poly,111.61,28.48,78.75,85.33,43.78,43.38,33.35,9.69,34.81,32.27,60.49,11.35,12.95,4.58,50.83,11.35,37.82,2.13,0.516
178.0,Charleston,107.61,31.92,73.72,84.7,44.05,31.41,30.09,21.33,33.85,31.97,64.57,9.13,16.03,7.3,37.08,25.18,37.74,1.993,0.516
179.0,Fordham,105.11,24.81,69.41,90.37,42.94,35.11,29.27,22.09,41.36,33.16,58.46,10.93,17.46,6.01,38.85,24.45,36.7,2.022,0.514
180.0,Bowling Green,106.27,29.12,71.48,85.16,44.61,27.81,34.1,17.5,34.4,39.84,56.43,12.16,12.88,5.52,32.66,20.55,46.79,1.859,0.508
181.0,Charlotte,111.86,29.58,71.38,86.36,45.1,38.15,33.68,15.51,40.78,32.7,60.47,8.85,13.96,5.49,44.18,17.96,37.87,2.063,0.505
182.0,William & Mary,110.45,33.22,75.42,81.29,45.65,34.31,32.55,11.82,35.62,35.16,61.81,15.25,13.14,5.9,42.21,14.54,43.26,1.99,0.503
183.0,Merrimack,107.62,29.22,77.98,85.95,41.83,38.65,33.46,12.69,35.36,34.61,53.55,15.04,12.38,4.19,44.97,14.77,40.27,2.047,0.5
184.0,Weber State,112.06,31.22,72.55,86.93,45.09,30.89,35.69,17.6,34.13,38.43,57.66,11.02,15.48,6.59,35.54,20.25,44.21,1.913,0.497
185.0,W. Kentucky,108.87,32.34,74.86,88.41,41.48,34.28,33.01,18.38,34.54,35.75,53.17,14.44,18.12,6.6,38.77,20.79,40.44,1.983,0.495
186.0,Campbell,111.6,34.73,72.68,85.62,44.64,29.99,33.08,15.95,32.61,39.68,58.21,11.93,15.24,6.4,35.02,18.63,46.35,1.887,0.492
187.0,Utah Tech,112.37,23.49,72.62,88.19,46.71,35.77,36.14,20.93,43.43,31.48,60.9,11.09,12.0,4.69,40.56,23.74,35.7,2.049,0.489
188.0,Columbia,108.05,23.9,70.08,87.8,45.17,33.8,35.45,18.84,36.03,35.16,59.41,9.72,16.04,6.55,38.49,21.46,40.05,1.984,0.486
189.0,Indiana State,108.03,22.52,67.88,85.12,47.37,36.49,33.16,11.83,38.96,36.81,64.16,10.91,12.15,5.06,42.87,13.89,43.24,1.996,0.484
190.0,Austin Peay,108.1,29.85,73.04,86.14,43.93,31.59,33.59,18.03,36.76,36.53,56.4,14.01,16.02,6.16,36.67,20.93,42.4,1.943,0.481
191.0,Portland,106.32,27.37,73.89,83.27,46.0,30.17,31.46,20.01,39.3,33.09,63.3,11.31,13.85,6.42,36.23,24.03,39.74,1.965,0.478
192.0,UMBC,108.7,26.8,75.92,85.53,44.63,34.72,34.58,21.78,41.37,29.03,59.09,7.17,8.66,4.22,40.59,25.47,33.94,2.066,0.473
193.0,Detroit Mercy,109.3,27.5,79.26,89.85,43.19,28.5,34.67,32.22,40.73,29.13,54.25,10.48,16.09,5.37,31.72,35.86,32.42,1.993,0.473
194.0,New Mexico St.,108.21,27.98,73.23,91.52,42.18,33.33,31.55,26.11,37.3,32.08,57.19,12.07,17.18,4.96,36.42,28.53,35.05,2.014,0.47
195.0,FIU,108.09,28.27,69.09,88.08,44.78,28.36,34.13,19.13,34.84,40.58,56.9,16.78,17.56,7.27,32.2,21.72,46.08,1.861,0.467
196.0,Missouri State,110.4,32.23,67.5,85.98,45.18,32.89,33.28,23.84,38.41,29.25,64.1,11.79,14.85,6.51,38.25,27.73,34.02,2.042,0.464
197.0,Queens,114.49,28.91,75.28,86.81,45.74,38.55,34.53,14.85,39.84,33.41,61.28,10.85,12.99,6.02,44.41,17.11,38.49,2.059,0.464
198.0,Green Bay,111.78,30.1,78.57,83.18,46.42,30.5,35.75,16.39,39.45,36.29,58.54,9.17,11.12,5.44,36.66,19.71,43.63,1.93,0.459
199.0,UMass,109.3,30.24,67.3,86.09,45.69,30.13,34.11,23.34,42.61,32.63,58.58,11.76,16.05,6.78,35.0,27.11,37.89,1.971,0.456
200.0,Appalachian St.,106.34,31.33,64.62,87.76,42.24,39.59,30.21,16.13,36.67,32.04,59.9,8.58,16.35,5.41,45.12,18.37,36.51,2.086,0.451
201.0,Youngstown St.,106.95,24.36,74.19,86.48,43.64,40.71,32.92,13.26,36.08,32.51,60.15,12.87,11.59,5.32,47.08,15.33,37.59,2.095,0.448
202.0,Jacksonville St.,106.36,31.2,68.25,85.16,43.62,30.06,35.85,15.89,33.34,39.21,53.74,11.52,15.01,6.44,35.3,18.66,46.04,1.893,0.448
203.0,Southern Miss,106.19,33.84,73.92,82.99,44.83,22.65,29.83,25.58,36.65,34.76,60.63,12.41,15.39,7.72,27.3,30.82,41.89,1.854,0.445
204.0,Tarleton,105.48,30.28,73.61,85.92,43.51,25.05,33.59,24.96,37.82,35.92,54.39,16.21,14.99,6.21,29.15,29.05,41.8,1.873,0.442
205.0,LA Tech,104.85,25.92,67.79,91.2,42.92,30.82,29.16,22.46,38.87,37.92,56.51,10.53,17.03,7.21,33.8,24.62,41.58,1.922,0.44
206.0,Siena,106.92,27.01,76.42,87.33,44.15,29.82,30.72,25.43,42.92,32.08,57.61,8.33,13.21,4.55,34.14,29.12,36.73,1.974,0.437
207.0,South Alabama,107.5,28.68,65.96,86.51,44.87,31.73,34.46,18.56,36.65,36.22,58.21,13.23,11.09,4.3,36.68,21.45,41.87,1.948,0.434
208.0,Furman,107.35,26.72,68.24,85.42,45.03,37.78,32.26,14.68,43.24,32.96,60.46,7.95,12.28,5.73,44.23,17.19,38.58,2.056,0.429
209.0,Howard,103.17,29.62,73.46,84.26,42.57,28.18,34.31,18.7,37.95,37.38,51.1,13.01,14.07,5.94,33.44,22.19,44.37,1.891,0.429
210.0,San Jose State,112.41,27.93,74.27,90.26,44.01,33.32,36.66,26.51,37.56,30.43,57.68,10.34,15.91,6.19,36.92,29.37,33.71,2.032,0.429
211.0,New Orleans,108.08,33.28,74.29,85.59,43.33,29.29,31.36,22.06,39.53,34.24,56.02,11.7,17.59,6.37,34.23,25.77,40.0,1.942,0.429
212.0,Marshall,111.88,23.59,72.9,87.88,46.24,36.96,36.28,22.55,37.87,28.38,65.87,11.34,13.48,6.44,42.06,25.66,32.29,2.098,0.42
213.0,Samford,109.07,31.74,69.02,84.49,44.0,37.03,34.61,18.71,35.45,28.75,61.66,7.88,11.38,4.75,43.82,22.14,34.03,2.098,0.418
214.0,Drake,109.4,28.55,69.87,87.19,43.99,38.49,33.09,19.64,41.72,29.06,59.96,8.81,11.87,4.09,44.15,22.52,33.33,2.108,0.415
215.0,South Dakota St.,107.57,25.64,71.67,88.65,43.83,34.42,33.36,22.02,38.33,32.2,58.79,10.27,14.32,4.93,38.83,24.84,36.32,2.025,0.412
216.0,San Diego,108.67,21.43,74.51,88.23,44.81,38.44,35.45,20.72,39.77,29.07,60.78,12.58,12.62,4.68,43.57,23.48,32.95,2.106,0.409
217.0,JMU,108.88,27.39,69.41,85.99,45.52,33.8,34.27,18.05,35.96,34.13,61.73,10.46,13.83,6.48,39.31,21.0,39.7,1.996,0.407
218.0,Tulane,106.43,32.06,76.78,83.91,41.91,36.34,31.59,16.0,33.78,31.57,57.92,12.99,11.88,5.08,43.3,19.07,37.63,2.057,0.404
219.0,Rice,108.67,28.92,68.22,91.09,41.57,39.47,33.47,24.8,36.62,26.82,58.08,10.87,18.31,6.23,43.33,27.22,29.45,2.139,0.401
220.0,W. Carolina,109.55,28.86,71.68,89.66,42.81,36.72,32.93,19.14,40.39,33.8,54.91,10.26,16.0,7.41,40.96,21.35,37.7,2.033,0.398
221.0,Long Beach St.,106.29,26.2,72.04,84.95,45.63,29.03,34.03,26.85,37.91,29.06,64.36,10.12,10.88,5.02,34.18,31.61,34.21,2.0,0.396
222.0,SE Missouri St.,104.72,30.59,70.59,85.58,43.12,30.65,30.43,21.11,37.0,33.81,58.44,10.17,13.09,5.93,35.82,24.67,39.51,1.963,0.393
223.0,Drexel,101.97,25.16,66.67,85.58,42.67,34.73,34.99,20.81,37.33,30.03,55.27,8.72,12.57,4.31,40.59,24.32,35.09,2.055,0.39
224.0,Vermont,106.9,26.57,71.29,86.51,43.54,39.2,32.22,18.94,39.95,28.37,61.56,5.58,10.93,2.99,45.31,21.89,32.8,2.125,0.385
225.0,Quinnipiac,104.63,29.62,68.77,89.48,41.31,31.07,33.25,22.09,31.43,36.32,54.22,13.9,18.58,6.27,34.72,24.69,40.59,1.941,0.385
226.0,Buffalo,109.78,29.22,72.92,82.95,45.57,35.4,36.35,16.14,39.32,31.42,59.17,10.95,12.22,5.01,42.67,19.45,37.87,2.048,0.385
227.0,Marist,101.08,22.2,78.28,87.47,42.27,31.06,31.39,28.01,39.41,28.4,56.98,13.42,13.02,4.62,35.51,32.02,32.47,2.03,0.376
228.0,Lipscomb,106.4,20.43,75.6,88.0,43.78,40.67,34.17,14.25,34.09,33.08,59.78,12.89,11.65,4.52,46.22,16.2,37.58,2.086,0.376
229.0,Nicholls,105.66,25.81,65.87,88.72,42.99,37.92,32.63,16.35,34.66,34.44,58.35,17.51,12.96,4.72,42.75,18.43,38.82,2.039,0.376
230.0,Denver,115.75,29.71,77.98,88.87,45.13,33.97,36.38,24.6,43.4,30.3,56.35,7.37,12.96,5.27,38.23,27.68,34.09,2.041,0.371
231.0,UC Riverside,105.3,28.8,74.49,85.12,43.24,31.56,32.43,18.12,36.17,35.44,56.49,9.33,14.92,5.18,37.07,21.29,41.64,1.954,0.368
232.0,Texas State,104.48,25.77,76.71,85.92,45.5,20.49,31.82,28.05,40.65,37.38,56.64,14.56,13.48,5.72,23.85,32.65,43.5,1.803,0.365
233.0,GA Southern,110.73,30.5,74.05,85.02,43.81,39.72,34.34,13.85,39.84,31.45,57.52,13.96,11.52,5.95,46.72,16.29,36.99,2.097,0.363
234.0,Idaho State,110.31,29.59,72.98,87.1,43.94,36.09,33.75,19.6,40.53,31.41,57.77,7.43,17.52,7.46,41.43,22.5,36.06,2.054,0.36
235.0,Charleston So.,105.44,23.52,64.49,86.25,44.05,40.65,35.11,12.33,38.37,33.27,57.08,7.95,11.58,4.35,47.13,14.3,38.57,2.086,0.352
236.0,ECU,104.39,32.27,69.78,85.94,42.86,27.08,30.33,24.64,40.31,34.21,54.62,12.88,16.67,7.3,31.51,28.68,39.81,1.917,0.352
237.0,Long Island,105.67,26.87,66.56,85.77,46.26,25.26,33.38,22.98,39.27,37.52,59.21,14.17,15.31,7.15,29.45,26.79,43.75,1.857,0.349
238.0,Southern Utah,108.5,24.98,73.66,86.25,45.77,32.16,34.64,19.66,36.66,34.43,61.36,9.23,12.98,6.79,37.29,22.79,39.92,1.974,0.349
239.0,Abil. Christian,102.24,31.09,71.67,81.94,43.28,28.08,32.14,21.42,37.83,32.45,56.52,14.76,12.71,4.54,34.27,26.13,39.6,1.947,0.349
240.0,Radford,106.87,32.66,71.26,83.79,42.63,36.76,33.08,16.27,38.45,30.76,56.26,13.58,12.9,4.81,43.88,19.42,36.71,2.072,0.343
241.0,Pepperdine,107.64,27.89,76.75,86.46,43.34,33.44,33.76,20.69,37.54,32.33,56.98,9.31,15.17,5.16,38.68,23.93,37.39,2.013,0.341
242.0,Ohio,109.43,29.31,70.37,87.99,44.66,32.83,31.14,22.69,42.44,32.47,59.87,8.18,13.67,6.2,37.31,25.78,36.91,2.004,0.341
243.0,St. Peter's,104.86,31.2,73.14,88.6,40.28,33.95,31.41,22.39,36.5,32.26,52.25,15.74,18.92,6.85,38.32,25.27,36.42,2.019,0.341
244.0,Lamar,102.66,22.75,69.78,92.81,41.27,31.66,32.18,30.79,39.8,30.35,52.24,11.67,19.56,6.57,34.11,33.18,32.7,2.014,0.332
245.0,Loyola-Chicago,104.59,28.2,67.52,84.31,43.4,38.17,32.38,14.46,38.33,31.68,59.01,6.89,13.27,5.25,45.28,17.15,37.57,2.077,0.33
246.0,UT Martin,99.34,26.91,66.61,87.29,40.01,40.21,28.76,19.45,36.59,27.63,58.78,11.77,16.26,5.45,46.07,22.28,31.65,2.144,0.327
247.0,Stony Brook,104.14,23.03,71.72,88.22,41.63,41.15,34.44,17.66,38.39,29.41,53.64,10.04,15.15,4.84,46.64,20.02,33.34,2.133,0.324
248.0,La Salle,105.23,31.86,72.22,86.8,42.25,28.67,30.98,22.54,36.31,35.59,55.08,10.69,16.8,6.73,33.03,25.97,41.01,1.92,0.319
249.0,Colgate,108.47,25.51,75.05,86.57,44.93,32.42,35.55,22.34,40.72,31.81,57.46,8.36,12.64,4.74,37.45,25.8,36.75,2.007,0.319
250.0,SIUE,100.64,24.18,67.57,87.23,42.18,31.5,34.01,24.25,33.95,31.48,56.7,10.62,13.97,5.59,36.11,27.8,36.08,2.0,0.316
251.0,Wofford,108.69,30.08,71.03,87.34,43.23,36.38,32.45,14.1,35.18,36.86,56.95,10.67,12.47,4.92,41.66,16.14,42.2,1.995,0.316
252.0,Coast. Carolina,103.16,26.0,73.23,88.02,40.88,36.65,33.17,24.56,38.26,26.81,53.82,7.92,12.35,4.09,41.64,27.91,30.46,2.112,0.31
253.0,E. Michigan,101.27,24.49,72.94,86.11,43.42,27.35,31.53,26.08,34.87,32.69,60.2,8.81,12.52,5.79,31.76,30.29,37.96,1.938,0.305
254.0,Sacramento St.,106.19,32.13,78.01,84.54,41.63,32.15,33.39,21.31,33.42,31.08,55.79,14.9,14.82,5.97,38.03,25.21,36.77,2.013,0.305
255.0,Fort Wayne,105.79,24.17,69.85,87.95,43.24,38.47,33.39,14.5,37.13,34.98,56.62,14.99,12.98,4.67,43.74,16.49,39.77,2.04,0.305
256.0,Omaha,107.18,27.81,73.0,85.75,43.68,35.68,33.54,19.61,39.16,30.46,58.48,10.37,11.99,4.32,41.61,22.87,35.52,2.061,0.299
257.0,Old Dominion,105.55,27.55,72.56,85.34,43.75,30.3,35.92,25.26,34.25,29.78,59.78,10.12,13.06,5.62,35.5,29.6,34.9,2.006,0.297
258.0,Elon,109.12,28.5,72.18,87.45,43.61,36.23,33.89,12.5,32.3,38.71,56.35,11.18,14.4,5.84,41.43,14.3,44.27,1.972,0.294
259.0,American,105.62,24.86,75.43,87.61,42.09,40.59,32.3,16.5,38.48,30.53,57.06,12.77,12.2,5.01,46.33,18.83,34.84,2.115,0.291
260.0,Milwaukee,106.29,26.41,69.16,90.26,42.58,34.89,31.97,20.91,40.24,34.46,54.74,11.64,18.38,6.65,38.65,23.17,38.18,2.005,0.288
261.0,North Dakota,106.73,31.83,69.91,86.81,41.95,35.12,33.15,15.78,35.0,35.91,53.62,14.15,14.06,4.82,40.46,18.18,41.37,1.991,0.286
262.0,Bethune-Cookman,104.85,29.0,69.75,84.73,45.19,25.18,31.91,20.94,33.59,38.61,60.14,13.16,14.62,7.74,29.71,24.72,45.57,1.841,0.283
263.0,UNC Asheville,105.83,30.63,68.57,86.51,43.22,30.37,33.11,28.62,41.77,27.53,55.88,8.15,13.5,5.15,35.1,33.08,31.82,2.033,0.28
264.0,Iona,104.02,23.64,69.96,86.35,42.8,39.51,34.37,16.93,38.64,29.91,56.27,11.66,15.13,5.3,45.75,19.61,34.64,2.111,0.277
265.0,Princeton,104.85,26.76,74.27,84.94,42.36,37.32,34.87,18.58,38.9,29.04,54.19,4.53,13.48,4.45,43.94,21.87,34.19,2.097,0.275
266.0,Incarnate Word,108.55,26.53,71.21,90.49,42.63,35.66,35.07,22.01,37.37,32.83,54.36,11.07,15.31,5.37,39.41,24.32,36.28,2.031,0.272
267.0,UTEP,102.41,25.57,69.75,87.24,42.0,33.29,33.96,26.84,32.99,27.1,60.8,13.56,12.48,4.79,38.16,30.77,31.07,2.071,0.269
268.0,FGCU,104.11,23.16,70.24,89.56,43.24,33.72,30.8,24.38,39.82,31.46,59.23,11.9,12.39,4.62,37.65,27.22,35.13,2.025,0.266
269.0,Lehigh,103.54,24.66,71.9,83.57,44.37,32.29,36.05,22.81,37.11,28.48,59.62,11.23,9.14,3.87,38.64,27.29,34.07,2.046,0.264
270.0,Cent. Michigan,106.81,25.69,70.09,85.87,45.95,28.65,34.56,25.24,42.14,31.97,59.16,12.02,13.83,7.0,33.37,29.4,37.24,1.961,0.261
271.0,Southern,104.77,29.17,69.78,87.49,42.64,28.67,34.22,25.04,34.91,33.78,55.52,13.25,16.45,6.62,32.77,28.62,38.61,1.942,0.255
272.0,Delaware,105.28,21.64,78.82,83.86,44.64,36.9,36.21,18.14,39.39,28.82,58.73,8.45,10.32,4.63,44.0,21.63,34.37,2.096,0.255
273.0,Lindenwood,100.55,28.71,66.87,86.55,42.31,27.77,29.21,22.31,34.54,36.48,57.02,14.32,16.31,7.96,32.08,25.77,42.15,1.899,0.253
274.0,Boston U,108.62,22.98,72.03,84.56,46.07,37.42,37.82,17.89,43.19,29.25,58.39,6.85,10.39,4.75,44.25,21.15,34.59,2.097,0.253
275.0,Longwood,103.86,29.33,73.31,84.17,43.11,30.66,31.91,20.3,38.5,33.21,56.27,14.26,15.86,5.68,36.42,24.12,39.46,1.97,0.245
276.0,Bellarmine,116.02,26.28,79.47,84.44,48.86,33.93,37.19,13.8,36.26,36.72,64.37,10.04,9.91,5.67,40.18,16.34,43.48,1.967,0.245
277.0,Fairfield,104.23,23.05,69.94,92.2,41.96,32.86,32.64,23.5,38.95,35.84,52.49,11.46,15.83,6.42,35.64,25.49,38.87,1.968,0.245
278.0,Northwestern St.,103.0,28.29,74.56,85.46,42.25,29.01,33.42,25.32,38.98,31.13,53.14,11.75,13.65,5.47,33.95,29.63,36.43,1.975,0.239
279.0,Morehead State,107.13,29.94,73.85,87.54,43.59,27.69,31.43,27.54,41.23,32.31,56.03,8.99,16.1,6.66,31.64,31.46,36.9,1.947,0.236
280.0,SE Louisiana,100.87,28.66,69.38,85.73,41.46,33.25,29.76,21.84,35.77,30.64,58.21,11.2,14.97,4.88,38.79,25.47,35.74,2.03,0.231
281.0,Evansville,103.5,24.04,75.17,83.48,43.92,35.42,34.19,21.67,38.49,26.39,61.43,7.47,10.4,4.38,42.43,25.96,31.61,2.108,0.231
282.0,Mt. St. Mary's,98.83,25.81,67.7,83.04,42.33,34.25,32.28,15.55,33.0,33.24,57.06,11.8,13.97,5.67,41.24,18.73,40.02,2.012,0.228
283.0,Ball State,98.86,25.49,71.0,87.78,40.11,33.57,30.84,18.68,33.77,35.53,52.2,11.81,13.81,4.49,38.25,21.28,40.47,1.978,0.228
284.0,Presbyterian,103.22,29.93,68.99,83.38,44.84,24.35,31.96,26.38,41.0,32.65,57.56,9.55,12.96,5.87,29.2,31.64,39.16,1.9,0.223
285.0,South Dakota,104.44,33.62,74.64,82.58,42.31,30.14,31.41,18.55,35.53,33.89,55.71,9.76,12.44,4.75,36.5,22.47,41.04,1.955,0.22
286.0,Mercyhurst,101.73,20.51,74.23,89.15,43.51,28.68,31.1,32.2,43.62,28.27,55.99,11.12,12.22,5.45,32.17,36.12,31.71,2.005,0.217
287.0,East Texas A&M,102.48,23.32,67.16,88.01,42.02,39.22,32.75,17.96,36.49,30.83,57.04,13.89,12.79,4.71,44.56,20.41,35.03,2.095,0.212
288.0,Le Moyne,103.04,28.5,72.54,81.58,43.97,32.78,32.43,16.95,37.68,31.84,59.19,10.72,11.55,3.85,40.19,20.78,39.03,2.012,0.212
289.0,Houston Christian,101.84,25.88,68.59,86.87,42.7,31.38,31.55,21.02,37.71,34.47,55.9,12.47,14.01,5.9,36.13,24.19,39.68,1.965,0.209
290.0,Dartmouth,103.91,29.38,74.21,80.8,42.05,39.66,35.68,15.37,34.05,25.77,56.63,8.46,11.16,4.48,49.08,19.02,31.9,2.172,0.206
291.0,Chattanooga,107.24,23.76,77.22,85.83,43.98,40.26,33.28,21.09,45.8,24.48,60.0,9.26,7.78,3.58,46.91,24.57,28.52,2.184,0.206
292.0,W. Michigan,106.42,26.51,73.47,88.86,42.56,32.53,34.72,23.27,38.9,33.06,52.86,7.07,15.06,6.31,36.61,26.19,37.2,1.994,0.201
293.0,PV A&M,101.37,28.55,76.0,85.58,41.52,26.51,32.5,28.36,37.15,30.7,53.34,10.26,10.78,4.68,30.98,33.14,35.88,1.951,0.198
294.0,Wagner,102.67,26.09,72.75,88.48,41.22,32.24,33.36,24.01,40.27,32.23,49.79,9.17,13.82,4.63,36.44,27.14,36.43,2.0,0.195
295.0,Brown,97.95,24.21,68.41,84.76,42.11,32.78,30.51,17.28,34.82,34.7,56.69,11.6,12.66,4.82,38.68,20.38,40.94,1.977,0.192
296.0,Northeastern,107.21,24.88,69.46,86.56,45.68,32.44,33.47,18.97,37.62,35.15,61.29,12.3,11.46,5.3,37.48,21.91,40.61,1.969,0.19
297.0,West Georgia,101.86,24.55,70.74,88.22,42.66,29.04,31.72,28.62,40.74,30.57,54.86,12.31,16.05,7.08,32.92,32.44,34.65,1.983,0.187
298.0,Oral Roberts,102.66,29.01,74.13,83.58,41.5,36.07,32.65,16.21,39.41,31.3,52.78,12.27,12.57,4.2,43.16,19.39,37.45,2.057,0.184
299.0,NC A&T,105.22,31.19,74.21,82.66,44.43,27.33,31.56,24.95,39.58,30.38,60.0,7.62,14.41,6.68,33.06,30.19,36.75,1.963,0.181
300.0,AR-Pine Bluff,103.62,26.74,74.39,84.11,43.87,29.64,33.5,23.44,38.35,31.03,57.95,12.58,12.13,4.69,35.24,27.87,36.89,1.983,0.179
301.0,IU Indianapolis,106.61,18.49,72.68,91.51,44.32,37.53,32.15,22.57,41.47,31.41,60.91,16.4,13.96,5.42,41.01,24.67,34.32,2.067,0.173
302.0,Georgia State,100.52,28.59,79.83,86.44,38.85,34.02,30.96,25.82,35.69,26.6,52.0,13.19,13.77,3.76,39.36,29.87,30.77,2.086,0.173
303.0,Stetson,105.35,24.97,69.7,83.95,44.54,36.34,36.2,19.61,39.93,28.0,58.61,11.45,11.17,5.36,43.29,23.36,33.35,2.099,0.173
304.0,Grambling State,97.4,26.42,72.35,84.1,40.75,31.28,31.16,20.46,33.82,32.36,54.39,12.93,11.47,4.59,37.19,24.33,38.48,1.987,0.168
305.0,Tenn. Tech,101.87,28.0,76.69,84.78,41.91,31.37,29.74,20.16,38.77,33.25,55.29,9.3,13.27,5.92,37.0,23.77,39.22,1.978,0.165
306.0,Cent. Conn. St.,103.48,23.28,76.72,86.66,43.63,30.4,32.91,28.42,40.76,27.84,58.26,8.68,12.63,4.74,35.08,32.79,32.13,2.029,0.162
307.0,UNCG,106.92,32.65,70.27,83.85,43.54,32.8,33.41,21.37,40.04,29.68,57.26,10.92,12.05,5.23,39.12,25.48,35.39,2.037,0.159
308.0,Hampton,101.54,31.23,72.64,86.49,40.57,30.02,28.88,24.21,34.08,32.25,56.34,10.99,13.78,4.43,34.71,27.99,37.29,1.974,0.157
309.0,Louisiana,100.41,23.51,69.48,88.64,40.97,33.18,34.47,30.4,38.15,25.06,53.0,10.2,11.15,4.18,37.44,34.29,28.27,2.092,0.154
310.0,E. Kentucky,107.52,25.55,72.87,88.72,41.73,42.82,34.7,21.02,38.96,24.89,56.17,12.18,17.8,6.55,48.26,23.69,28.05,2.202,0.151
311.0,N. Arizona,105.58,25.76,68.94,85.03,44.53,33.06,36.57,21.64,40.91,30.33,55.8,11.06,10.96,3.9,38.88,25.45,35.67,2.032,0.148
312.0,USC Upstate,99.21,25.13,67.25,87.07,41.67,31.75,30.7,21.08,37.75,34.24,54.24,10.65,14.19,5.49,36.46,24.21,39.33,1.971,0.146
313.0,Florida A&M,97.74,24.57,69.75,84.17,42.06,30.6,32.05,21.84,35.5,31.73,56.23,11.71,10.42,4.78,36.35,25.95,37.7,1.987,0.14
314.0,Alabama State,100.31,25.5,69.9,88.65,40.55,33.66,31.46,22.12,36.04,32.87,52.9,14.13,15.78,5.57,37.97,24.96,37.08,2.009,0.14
315.0,Little Rock,101.8,22.8,68.67,89.06,42.87,29.04,33.74,29.92,32.53,30.1,61.94,12.52,13.62,5.76,32.6,33.6,33.8,1.988,0.137
316.0,Sacred Heart,106.11,25.61,77.78,85.21,41.76,42.85,35.06,16.98,35.94,25.38,56.96,8.35,12.42,5.18,50.28,19.93,29.79,2.205,0.135
317.0,Cleveland State,109.06,27.33,76.58,84.41,43.08,42.14,36.56,16.22,35.09,26.06,58.59,11.46,11.86,4.96,49.92,19.21,30.87,2.191,0.135
318.0,Alabama A&M,103.58,31.09,73.65,83.92,42.3,28.16,34.4,24.64,34.73,31.13,55.43,8.63,12.19,4.43,33.55,29.36,37.09,1.965,0.129
319.0,Jacksonville,102.82,28.0,72.21,87.24,42.11,30.73,29.67,22.0,38.5,34.5,55.5,10.09,14.06,5.16,35.23,25.22,39.55,1.957,0.126
320.0,CSU Bakersfield,102.13,32.28,73.91,83.84,42.41,24.12,29.72,27.68,36.43,32.03,57.12,11.98,16.79,6.72,28.77,33.02,38.21,1.906,0.124
321.0,New Haven,96.47,24.23,70.92,83.0,41.84,33.36,29.47,20.05,35.14,29.6,60.32,9.77,8.88,4.14,40.19,24.15,35.66,2.045,0.121
322.0,Texas Southern,101.11,25.53,70.58,85.91,43.2,27.43,32.31,24.7,37.9,33.78,55.93,11.96,15.56,6.16,31.92,28.76,39.32,1.926,0.118
323.0,E. Illinois,97.43,25.83,74.95,85.86,40.77,25.82,31.22,26.5,34.75,33.54,52.89,13.31,15.52,6.85,30.07,30.86,39.07,1.91,0.115
324.0,Albany,102.12,21.18,65.42,86.73,44.35,34.75,32.66,17.97,41.81,34.01,57.63,10.78,14.1,6.52,40.07,20.72,39.21,2.009,0.113
325.0,Loyola (MD),103.36,24.27,72.36,88.14,41.19,41.28,31.92,15.8,38.34,31.07,54.96,10.47,12.1,4.61,46.83,17.92,35.25,2.116,0.11
326.0,Lafayette,101.65,27.16,69.36,86.07,41.72,35.43,31.02,17.05,35.1,33.58,56.38,8.58,11.44,4.05,41.17,19.81,39.02,2.021,0.107
327.0,Holy Cross,101.43,26.27,77.1,83.8,42.29,31.68,32.52,25.21,43.67,26.91,52.5,10.18,9.8,3.54,37.8,30.08,32.11,2.057,0.104
328.0,Stonehill,94.62,22.04,68.96,87.6,39.37,34.94,29.86,18.18,35.79,34.49,50.89,8.95,12.28,4.32,39.88,20.75,39.37,2.005,0.102
329.0,UMass Lowell,101.54,27.47,64.47,87.39,42.95,28.93,30.31,19.81,39.83,38.66,54.01,10.2,19.73,7.73,33.1,22.66,44.23,1.889,0.099
330.0,Fair. Dickinson,99.5,25.35,70.06,87.81,40.26,37.69,29.29,20.77,35.74,29.34,57.56,6.01,14.19,4.74,42.93,23.66,33.42,2.095,0.096
331.0,Manhattan,103.01,26.45,79.93,87.4,40.89,33.35,31.15,23.02,42.58,31.03,50.12,12.65,15.47,5.2,38.16,26.34,35.51,2.027,0.093
332.0,Chicago State,100.66,24.65,75.75,89.51,40.58,29.54,31.64,31.03,38.83,28.94,51.58,14.5,13.49,4.7,33.0,34.67,32.33,2.007,0.091
333.0,Bucknell,98.14,22.49,76.43,85.13,40.97,36.53,30.6,16.51,33.81,32.1,56.46,10.94,11.89,5.43,42.91,19.39,37.7,2.052,0.088
334.0,Norfolk State,101.53,29.29,68.19,85.32,42.64,26.3,33.42,24.96,37.19,34.05,53.77,10.71,15.98,6.08,30.83,29.26,39.92,1.909,0.085
335.0,North Alabama,99.25,27.66,67.45,86.41,41.68,28.85,29.68,18.98,35.53,38.58,53.68,9.21,16.11,5.99,33.39,21.97,44.64,1.887,0.082
336.0,S. Indiana,96.51,30.18,65.63,88.24,37.69,33.71,30.24,21.14,31.75,33.39,48.96,12.12,15.91,4.72,38.2,23.96,37.84,2.004,0.08
337.0,UTSA,100.9,24.79,71.23,90.14,40.29,35.68,29.71,20.0,36.28,34.46,53.57,12.63,15.51,6.57,39.59,22.18,38.23,2.014,0.077
338.0,North Florida,105.52,22.87,78.0,86.23,42.33,43.35,33.86,13.57,40.53,29.31,55.69,8.89,12.81,4.59,50.27,15.73,34.0,2.163,0.074
339.0,Jackson State,101.07,28.06,77.48,86.8,39.11,36.13,31.64,23.56,37.21,27.11,50.73,11.85,14.01,4.67,41.63,27.14,31.23,2.104,0.071
340.0,NJIT,95.94,26.96,70.26,84.22,39.75,34.0,29.53,22.24,37.91,27.98,53.63,10.7,9.7,2.45,40.37,26.41,33.22,2.072,0.069
341.0,N. Illinois,95.03,27.13,66.53,81.73,40.3,35.91,30.9,13.33,34.22,32.5,53.19,9.78,12.56,5.06,43.94,16.31,39.76,2.042,0.066
342.0,Niagara,98.68,20.46,72.88,83.15,43.34,34.09,34.33,15.93,39.27,33.13,54.56,7.19,10.15,4.08,41.0,19.15,39.85,2.011,0.063
343.0,Army,99.36,22.12,70.63,88.64,39.2,46.02,30.95,13.11,29.77,29.5,56.26,10.16,12.66,4.48,51.92,14.79,33.28,2.186,0.06
344.0,Alcorn State,96.59,24.37,70.96,84.24,41.95,26.66,32.33,23.22,34.86,34.35,54.21,12.81,10.39,5.4,31.65,27.57,40.78,1.909,0.058
345.0,Maine,93.42,28.51,64.41,77.59,42.37,30.74,30.3,17.24,39.35,29.61,56.64,13.64,7.78,4.15,39.62,22.22,38.16,2.015,0.055
346.0,UL Monroe,102.37,29.26,73.62,84.68,41.42,33.16,32.19,18.65,35.47,32.87,54.11,12.48,13.5,6.07,39.16,22.02,38.82,2.003,0.049
347.0,The Citadel,100.72,25.16,65.95,86.35,41.62,40.14,30.53,16.61,36.08,29.6,59.77,11.21,11.46,5.32,46.48,19.24,34.28,2.122,0.049
348.0,St. Francis (PA),100.05,25.98,69.44,84.3,42.52,31.47,32.84,20.62,35.37,32.21,56.54,12.79,12.67,5.14,37.33,24.46,38.21,1.991,0.049
349.0,Canisius,96.15,24.44,73.48,85.69,39.1,34.2,32.66,22.41,37.99,29.08,47.53,8.93,12.69,3.65,39.91,26.15,33.94,2.06,0.044
350.0,UMES,93.81,21.82,70.89,84.45,41.57,27.91,29.14,23.72,39.33,32.82,53.75,9.22,12.87,5.42,33.05,28.09,38.86,1.942,0.041
351.0,Bryant,96.92,23.96,76.38,83.0,39.9,40.32,30.7,14.01,31.59,28.66,56.91,9.82,10.98,5.06,48.58,16.88,34.54,2.14,0.038
352.0,Morgan State,99.24,30.03,75.21,85.79,39.2,29.83,31.5,24.66,34.96,31.31,49.87,7.94,13.92,4.09,34.76,28.74,36.5,1.983,0.036
353.0,UNH,95.3,24.16,62.76,86.31,39.47,39.2,30.61,14.85,34.21,32.27,52.66,7.65,10.67,3.41,45.41,17.21,37.38,2.08,0.033
354.0,Air Force,94.2,23.38,62.82,81.47,42.62,31.96,31.53,17.27,32.41,32.24,59.07,7.57,11.45,4.9,39.23,21.2,39.57,1.997,0.03
355.0,NC Central,99.7,26.42,72.1,85.81,41.64,28.94,31.76,22.12,36.49,34.75,53.14,13.65,15.35,6.31,33.73,25.78,40.5,1.932,0.027
356.0,Binghamton,98.46,28.0,74.9,79.05,43.59,26.65,32.13,21.04,40.18,31.37,55.62,6.52,7.78,3.58,33.71,26.61,39.68,1.94,0.025
357.0,VMI,98.4,25.31,73.1,87.51,37.78,45.47,30.31,13.77,31.46,28.27,52.87,11.65,11.15,2.94,51.96,15.73,32.3,2.197,0.022
358.0,S. Carolina St.,94.23,28.56,68.04,82.49,39.88,27.41,32.86,28.24,35.95,26.83,51.18,11.45,14.35,4.37,33.23,34.24,32.53,2.007,0.019
359.0,Kansas City,92.68,24.07,67.38,86.17,38.7,32.64,29.96,25.53,35.14,28.0,52.12,10.62,13.28,4.18,37.88,29.63,32.5,2.054,0.016
360.0,Rider,95.68,25.08,70.45,89.57,39.47,25.62,28.56,32.08,36.87,31.87,50.85,11.66,14.4,4.48,28.6,35.82,35.58,1.93,0.014
361.0,Gardner-Webb,93.56,22.8,69.48,83.78,40.56,33.07,29.48,16.4,32.26,34.31,55.21,10.65,10.82,4.32,39.48,19.57,40.95,1.985,0.011
362.0,Delaware State,87.4,23.45,68.13,85.07,38.13,24.15,27.08,30.51,35.68,30.41,49.37,11.09,8.62,3.67,28.39,35.86,35.75,1.926,0.008
363.0,Coppin State,91.33,26.73,67.31,82.5,39.4,27.94,29.79,23.09,33.37,31.46,52.37,7.74,15.14,5.99,33.87,27.99,38.14,1.957,0.005
364.0,W. Illinois,93.19,26.93,65.54,84.25,39.51,29.36,30.5,23.75,35.25,31.14,51.27,10.01,12.12,4.43,34.85,28.19,36.96,1.979,0.003
365.0,Miss. Valley St.,91.12,23.74,69.84,82.93,40.39,24.96,30.21,33.41,39.22,24.56,52.34,12.22,10.27,3.85,30.1,40.28,29.62,2.005,0.0
