Rk,Team,Conf,W-L,NetRtg,ORtg,ORtg_Rank,DRtg,DRtg_Rank,AdjT,AdjT_Rank,Luck,Luck_Rank,SOS_NetRtg,SOS_NetRtg_Rank,SOS_ORtg,SOS_ORtg_Rank,SOS_DRtg,SOS_DRtg_Rank,NCSOS_NetRtg,NCSOS_NetRtg_Rank,canonical_team,wins,losses,win_pct,source
1,Michigan,B10,18-1,35.99,126.6,7,90.6,2,72.7,12,0.028,123,11.33,5,116.7,5,105.4,9,10.98,15,Michigan,18,1,0.9473684210526315,kenpom
2,Arizona,B12,19-0,34.81,127.2,4,92.4,3,71.1,32,0.029,121,6.71,46,114.2,33,107.5,55,2.79,113,Arizona,19,0,1.0,kenpom
3,Duke,ACC,17-1,33.25,126.2,8,93.0,6,67.4,193,0.078,41,10.18,9,115.8,13,105.6,12,6.54,47,Duke,17,1,0.9444444444444444,kenpom
4,Houston,B12,17-1,31.12,124.1,19,93.0,4,63.4,351,0.054,69,5.29,62,113.4,52,108.1,74,0.65,162,Houston,17,1,0.9444444444444444,kenpom
5,Iowa St.,B12,17-2,31.02,125.5,12,94.5,7,67.7,173,0.028,125,5.59,58,112.4,78,106.8,40,-2.27,247,Iowa State (fuzzy),17,2,0.8947368421052632,kenpom
6,Gonzaga,WCC,20-1,30.71,125.8,10,95.1,9,70.1,64,0.091,27,4.36,73,112.4,77,108.1,75,7.35,36,Gonzaga,20,1,0.9523809523809523,kenpom
7,Purdue,B10,17-2,30.7,129.2,2,98.5,19,65.4,293,0.055,68,10.12,11,116.3,10,106.2,23,7.16,37,Purdue,17,2,0.8947368421052632,kenpom
8,Illinois,B10,16-3,30.35,129.5,1,99.2,23,66.3,240,0.005,177,7.9,28,114.9,25,107.0,42,3.4,95,Illinois,16,3,0.8421052631578947,kenpom
9,Michigan St.,B10,17-2,30.08,120.0,54,89.9,1,65.8,270,-0.034,266,8.91,20,116.7,6,107.8,64,2.56,116,Michigan State (fuzzy),17,2,0.8947368421052632,kenpom
10,Florida,SEC,14-5,29.96,125.5,11,95.5,11,70.1,58,-0.087,336,12.18,4,117.6,4,105.4,8,6.94,41,Florida,14,5,0.7368421052631579,kenpom
11,Connecticut,BE,18-1,28.83,121.8,37,93.0,5,65.2,303,0.087,33,9.47,15,114.7,28,105.2,5,7.7,33,UConn,18,1,0.9473684210526315,kenpom
12,Nebraska,B10,19-0,27.17,123.5,22,96.3,12,66.9,211,0.091,28,6.2,50,113.9,39,107.7,59,-5.12,308,Nebraska,19,0,1.0,kenpom
13,Virginia,ACC,16-2,27.11,124.8,17,97.7,17,65.5,287,0.002,191,4.79,67,113.2,55,108.5,88,-3.38,274,Virginia,16,2,0.8888888888888888,kenpom
14,BYU,B12,16-2,26.61,125.3,14,98.7,21,70.5,46,0.04,96,6.96,42,113.6,46,106.6,32,3.52,94,BYU,16,2,0.8888888888888888,kenpom
15,Vanderbilt,SEC,16-3,26.19,126.2,9,100.0,28,70.4,48,0.054,70,9.16,18,115.8,14,106.6,33,1.59,137,Vanderbilt,16,3,0.8421052631578947,kenpom
16,Louisville,ACC,13-5,26.19,126.9,6,100.7,35,70.1,61,-0.054,301,7.76,30,113.1,58,105.3,7,1.97,129,Louisville,13,5,0.7222222222222222,kenpom
17,Kansas,B12,14-5,25.41,121.7,38,96.3,13,67.4,189,-0.002,196,13.15,2,116.6,7,103.4,1,10.64,17,Kansas,14,5,0.7368421052631579,kenpom
18,Alabama,SEC,13-5,25.33,129.2,3,103.9,65,73.5,8,-0.004,204,14.65,1,119.1,1,104.4,2,12.61,8,Alabama,13,5,0.7222222222222222,kenpom
19,Texas Tech,B12,15-4,25.23,125.4,13,100.1,29,67.6,182,0.05,81,11.18,6,117.9,2,106.7,35,7.9,30,Texas Tech,15,4,0.7894736842105263,kenpom
20,Iowa,B10,14-5,24.41,121.9,36,97.5,16,63.9,339,-0.053,297,3.97,79,111.9,101,108.0,68,-7.29,338,Iowa,14,5,0.7368421052631579,kenpom
21,Arkansas,SEC,14-5,24.25,126.9,5,102.7,49,71.5,25,-0.004,200,10.86,7,116.4,9,105.5,10,4.01,80,Arkansas,14,5,0.7368421052631579,kenpom
22,St. John's,BE,14-5,24.08,122.5,29,98.4,18,70.3,53,-0.047,293,9.3,17,115.4,17,106.1,22,6.98,40,St John's,14,5,0.7368421052631579,kenpom
23,Tennessee,SEC,12-6,23.5,120.9,42,97.4,14,66.5,233,-0.074,327,8.17,26,115.9,12,107.7,60,0.28,173,Tennessee,12,6,0.6666666666666666,kenpom
24,Saint Louis,A10,19-1,22.3,121.6,39,99.3,24,71.3,27,0.024,136,-2.49,242,107.9,283,110.4,187,-6.01,323,Saint Louis,19,1,0.95,kenpom
25,Kentucky,SEC,13-6,21.64,122.4,32,100.8,36,67.7,175,-0.012,226,8.78,22,115.6,15,106.8,38,1.54,139,Kentucky,13,6,0.6842105263157895,kenpom
26,Villanova,BE,15-4,21.58,122.4,33,100.8,37,63.3,353,0.022,139,7.79,29,115.1,22,107.3,51,3.13,106,Villanova,15,4,0.7894736842105263,kenpom
27,Georgia,SEC,16-3,21.38,122.4,31,101.0,39,74.4,1,0.025,132,1.82,116,111.3,116,109.5,137,-7.36,340,Georgia,16,3,0.8421052631578947,kenpom
29,Clemson,ACC,16-4,20.88,118.3,68,97.4,15,64.7,318,0.021,142,6.79,44,113.6,45,106.8,36,1.84,130,Clemson,16,4,0.8,kenpom
30,Auburn,SEC,12-7,20.49,125.1,15,104.6,78,68.0,155,0.003,187,12.75,3,117.7,3,105.0,4,8.79,23,Auburn,12,7,0.631578947368421,kenpom
31,SMU,ACC,14-5,20.14,124.6,18,104.5,76,68.9,111,0.019,146,8.44,24,114.8,27,106.4,27,2.0,128,SMU,14,5,0.7368421052631579,kenpom
32,Saint Mary's,WCC,18-3,19.9,120.5,51,100.6,34,65.5,285,0.031,119,2.48,102,110.2,159,107.7,58,3.35,97,Saint Mary's,18,3,0.8571428571428571,kenpom
33,North Carolina,ACC,15-4,19.84,122.9,27,103.0,54,68.0,156,0.026,130,4.53,69,112.2,88,107.6,56,-0.07,183,North Carolina,15,4,0.7894736842105263,kenpom
34,Utah St.,MWC,16-3,19.84,122.1,35,102.3,48,67.9,162,0.044,90,3.43,88,112.2,86,108.8,103,2.01,127,Utah State (fuzzy),16,3,0.8421052631578947,kenpom
35,Indiana,B10,13-7,19.66,122.6,28,102.9,52,67.0,210,-0.055,303,5.76,55,112.8,67,107.0,44,-4.53,293,Indiana,13,7,0.65,kenpom
36,Wisconsin,B10,14-5,19.28,122.5,30,103.2,57,70.5,45,0.063,59,6.59,47,114.1,35,107.5,54,-2.15,244,Wisconsin,14,5,0.7368421052631579,kenpom
37,Ohio St.,B10,13-6,19.28,122.9,25,103.6,63,66.8,218,-0.043,286,7.36,35,114.3,31,106.9,41,-4.0,286,Ohio State (fuzzy),13,6,0.6842105263157895,kenpom
38,Texas A&M,SEC,15-4,18.99,120.6,49,101.6,44,71.2,28,0.025,131,2.26,105,112.5,74,110.3,177,-6.45,331,Texas A&M,15,4,0.7894736842105263,kenpom
39,Miami FL,ACC,15-4,18.28,118.6,63,100.3,32,68.9,107,-0.011,223,-0.93,201,109.8,195,110.7,203,-7.61,345,Miami,15,4,0.7894736842105263,kenpom
40,UCLA,B10,13-6,17.99,120.8,45,102.8,50,64.9,314,-0.015,234,5.87,54,113.9,40,108.0,70,-4.86,302,UCLA,13,6,0.6842105263157895,kenpom
41,Texas,SEC,11-8,17.9,124.8,16,106.9,105,67.4,194,-0.122,359,7.73,31,114.0,36,106.3,25,-4.38,290,Texas,11,8,0.5789473684210527,kenpom
42,LSU,SEC,13-6,17.04,121.5,40,104.4,75,67.1,204,-0.033,264,3.38,89,112.0,96,108.6,96,-4.49,291,LSU,13,6,0.6842105263157895,kenpom
43,Santa Clara,WCC,16-5,16.93,120.5,50,103.6,62,69.5,81,-0.005,208,2.86,94,111.1,130,108.2,78,3.73,86,Santa Clara,16,5,0.7619047619047619,kenpom
44,San Diego St.,MWC,13-5,16.32,115.8,86,99.4,25,69.0,105,0.069,49,6.03,52,112.8,66,106.8,37,6.34,51,San Diego State (fuzzy),13,5,0.7222222222222222,kenpom
45,New Mexico,MWC,15-4,16.31,115.8,85,99.5,26,70.1,57,-0.009,218,2.77,96,111.1,131,108.3,80,1.35,145,New Mexico,15,4,0.7894736842105263,kenpom
46,UCF,B12,14-4,16.09,120.7,47,104.7,80,69.0,104,0.106,16,6.72,45,113.9,38,107.2,50,-1.09,213,UCF,14,4,0.7777777777777778,kenpom
47,VCU,A10,13-6,15.97,120.8,43,104.9,82,69.7,76,-0.085,335,2.1,108,111.2,127,109.1,112,-1.77,234,VCU,13,6,0.6842105263157895,kenpom
48,Baylor,B12,11-7,15.96,123.6,21,107.6,116,67.9,160,-0.027,259,9.43,16,114.0,37,104.6,3,-0.47,195,Baylor,11,7,0.6111111111111112,kenpom
49,Seton Hall,BE,14-5,15.86,111.1,150,95.2,10,65.7,275,-0.026,258,5.15,64,113.5,51,108.4,83,-4.61,298,Seton Hall,14,5,0.7368421052631579,kenpom
50,Washington,B10,10-9,15.55,118.8,61,103.2,59,67.5,186,-0.087,338,10.49,8,116.5,8,106.0,19,-0.92,204,Washington,10,9,0.5263157894736842,kenpom
51,USC,B10,14-5,15.26,117.3,73,102.0,46,70.1,60,0.103,18,7.38,34,113.9,41,106.5,30,-1.01,209,USC,14,5,0.7368421052631579,kenpom
52,Creighton,BE,12-8,15.03,120.8,46,105.7,89,66.5,232,0.005,176,8.88,21,115.3,18,106.4,28,4.13,78,Creighton,12,8,0.6,kenpom
53,TCU,B12,12-7,14.98,113.9,112,98.9,22,67.1,201,-0.091,342,3.54,86,111.9,100,108.4,84,-6.35,329,TCU,12,7,0.631578947368421,kenpom
54,Cincinnati,B12,10-9,14.56,109.1,186,94.6,8,68.6,121,-0.102,349,6.99,41,113.0,60,106.0,21,-1.83,236,Cincinnati,10,9,0.5263157894736842,kenpom
55,Missouri,SEC,13-6,14.47,120.2,52,105.7,88,66.2,249,0.038,106,2.85,95,112.3,85,109.4,131,-8.18,349,Missouri,13,6,0.6842105263157895,kenpom
56,Virginia Tech,ACC,15-5,14.28,117.5,71,103.2,58,68.3,141,0.033,113,5.42,61,113.8,42,108.3,81,-0.33,190,Virginia Tech,15,5,0.75,kenpom
57,Butler,BE,13-7,14.23,119.3,56,105.0,86,70.1,63,-0.005,206,7.01,40,113.5,50,106.5,31,-1.96,242,Butler,13,7,0.65,kenpom
58,West Virginia,B12,13-6,14.23,115.9,84,101.6,45,62.8,360,-0.013,229,1.36,125,110.0,177,108.6,95,-8.52,351,West Virginia,13,6,0.6842105263157895,kenpom
59,Akron,MAC,16-4,14.23,123.7,20,109.4,157,71.1,30,-0.041,282,-3.32,266,109.4,220,112.7,310,-2.92,261,Akron,16,4,0.8,kenpom
60,Tulsa,Amer,16-3,13.29,123.2,23,109.9,165,68.0,157,0.036,108,-0.42,179,109.4,215,109.9,150,-2.61,257,Tulsa,16,3,0.8421052631578947,kenpom
61,Northwestern,B10,9-10,13.15,119.5,55,106.4,97,65.7,274,-0.14,364,8.27,25,114.5,29,106.2,24,-1.72,233,Northwestern,9,10,0.47368421052631576,kenpom
62,Oklahoma,SEC,11-8,12.76,120.7,48,107.9,118,67.1,200,-0.081,331,4.97,66,112.7,68,107.8,62,-6.14,326,Oklahoma,11,8,0.5789473684210527,kenpom
63,Nevada,MWC,14-5,12.44,118.9,59,106.5,100,65.5,286,0.042,93,3.66,83,112.3,84,108.6,94,2.35,118,Nevada,14,5,0.7368421052631579,kenpom
64,Providence,BE,9-10,12.4,122.9,26,110.5,175,72.6,13,-0.129,362,8.52,23,114.2,34,105.6,13,0.08,180,Providence,9,10,0.47368421052631576,kenpom
65,Belmont,MVC,17-3,12.26,118.8,62,106.5,99,69.0,103,0.004,182,-1.99,230,107.1,309,109.1,115,-4.64,299,Belmont,17,3,0.85,kenpom
66,Oklahoma St.,B12,14-5,12.25,118.4,64,106.2,93,72.9,10,0.065,53,4.46,70,112.6,73,108.1,76,-2.42,248,Oklahoma State (fuzzy),14,5,0.7368421052631579,kenpom
67,McNeese,Slnd,15-4,12.19,118.4,66,106.2,95,66.2,245,0.06,61,-0.31,171,109.2,240,109.5,135,10.93,16,McNeese,15,4,0.7894736842105263,kenpom
68,Boise St.,MWC,11-8,12.17,114.4,104,102.2,47,66.5,234,0.034,112,9.58,14,115.3,19,105.7,15,7.16,38,Boise State (fuzzy),11,8,0.5789473684210527,kenpom
69,Mississippi,SEC,11-8,12.11,116.2,81,104.1,68,65.2,302,-0.037,271,5.97,53,113.1,57,107.2,48,-1.61,231,Mississippi State (fuzzy),11,8,0.5789473684210527,kenpom
70,Wake Forest,ACC,11-8,11.97,114.9,100,102.9,51,69.5,80,-0.025,256,7.43,33,115.2,21,107.8,61,1.29,147,Wake Forest,11,8,0.5789473684210527,kenpom
71,Syracuse,ACC,12-7,11.79,115.0,98,103.2,56,68.0,154,-0.038,278,1.93,113,109.2,241,107.2,49,-3.61,279,Syracuse,12,7,0.631578947368421,kenpom
72,South Carolina,SEC,11-8,11.76,116.0,82,104.2,72,66.0,257,-0.082,332,1.86,115,112.3,82,110.4,188,-8.67,354,South Carolina,11,8,0.5789473684210527,kenpom
73,George Mason,A10,18-1,11.54,116.5,77,105.0,84,64.6,323,0.052,75,-4.0,284,109.2,236,113.2,330,-7.39,341,George Mason,18,1,0.9473684210526315,kenpom
74,California,ACC,14-5,11.45,115.4,93,104.0,67,66.8,214,0.058,63,2.16,106,112.3,81,110.2,167,-6.83,334,California,14,5,0.7368421052631579,kenpom
75,George Washington,A10,12-7,11.44,120.8,44,109.4,156,70.0,68,-0.123,360,-0.81,197,109.4,217,110.3,175,-2.52,254,George Washington,12,7,0.631578947368421,kenpom
76,South Florida,Amer,12-7,11.42,116.2,80,104.8,81,72.4,15,-0.067,318,3.83,80,113.2,56,109.4,129,3.92,83,South Florida,12,7,0.631578947368421,kenpom
77,Stanford,ACC,14-5,11.39,115.5,91,104.1,69,67.5,185,0.128,7,5.49,59,112.3,83,106.8,39,-0.97,206,Stanford,14,5,0.7368421052631579,kenpom
78,Dayton,A10,14-5,11.15,111.4,144,100.3,31,67.6,180,-0.002,195,-1.39,215,110.2,158,111.6,253,-0.53,197,Dayton,14,5,0.7368421052631579,kenpom
79,Yale,Ivy,14-3,10.95,123.1,24,112.2,224,65.7,277,0.093,26,-0.6,186,110.7,142,111.3,234,0.93,154,Yale,14,3,0.8235294117647058,kenpom
80,Colorado,B12,12-7,10.83,118.9,60,108.1,121,69.0,101,-0.043,287,4.42,71,112.9,63,108.5,89,-1.14,214,Colorado,12,7,0.631578947368421,kenpom
81,Minnesota,B10,10-9,10.45,114.3,108,103.8,64,63.3,352,-0.065,317,5.67,57,114.5,30,108.8,102,-9.64,360,Minnesota,10,9,0.5263157894736842,kenpom
82,Grand Canyon,MWC,12-6,10.4,110.7,157,100.3,30,67.9,165,0.011,163,1.74,118,111.9,103,110.2,169,-5.15,309,Grand Canyon,12,6,0.6666666666666666,kenpom
83,Notre Dame,ACC,10-9,10.34,114.5,103,104.2,71,65.3,296,-0.046,290,7.18,37,113.5,48,106.4,26,0.02,181,Notre Dame,10,9,0.5263157894736842,kenpom
84,Kansas St.,B12,10-9,9.99,116.9,75,106.9,103,72.3,18,-0.072,325,6.92,43,115.0,23,108.0,72,0.8,157,Kansas State (fuzzy),10,9,0.5263157894736842,kenpom
85,Mississippi St.,SEC,10-9,9.33,113.7,114,104.4,74,68.7,118,0.002,190,7.91,27,115.2,20,107.3,52,2.16,125,Mississippi State (fuzzy),10,9,0.5263157894736842,kenpom
86,Illinois St.,MVC,14-6,9.29,114.2,109,104.9,83,66.7,223,-0.035,267,-1.66,221,108.7,262,110.4,182,-2.52,251,Illinois State (fuzzy),14,6,0.7,kenpom
87,Xavier,BE,11-8,9.26,115.2,95,105.9,91,70.3,52,0.043,91,7.15,38,113.0,62,105.8,17,1.35,146,Xavier,11,8,0.5789473684210527,kenpom
88,Miami OH,MAC,20-0,9.03,117.9,69,108.9,141,70.9,36,0.109,14,-6.38,338,107.6,293,114.0,354,-10.46,362,Miami (OH) (fuzzy),20,0,1.0,kenpom
89,Oregon,B10,8-11,9.0,115.5,90,106.5,101,66.0,259,-0.06,308,9.67,13,114.9,24,105.2,6,1.79,131,Oregon,8,11,0.42105263157894735,kenpom
90,Colorado St.,MWC,12-8,8.97,120.9,41,111.9,216,62.1,364,-0.022,251,2.66,97,111.9,102,109.3,121,-3.4,275,Colorado State (fuzzy),12,8,0.6,kenpom
91,Murray St.,MVC,16-4,8.9,119.2,57,110.3,170,72.4,14,0.051,78,-2.19,233,109.4,227,111.5,252,-3.33,273,Murray State (fuzzy),16,4,0.8,kenpom
92,Arizona St.,B12,10-9,8.88,117.9,70,109.0,144,70.0,67,0.05,83,9.92,12,115.5,16,105.5,11,4.86,66,Arizona State (fuzzy),10,9,0.5263157894736842,kenpom
93,Florida Atlantic,Amer,14-6,8.41,114.3,107,105.9,90,70.8,40,0.003,185,2.02,111,111.2,126,109.2,117,3.56,92,Florida Atlantic,14,6,0.7,kenpom
94,Liberty,CUSA,16-3,8.29,119.0,58,110.7,185,63.8,342,0.168,1,-0.34,174,109.4,218,109.8,148,1.42,143,Liberty,16,3,0.8421052631578947,kenpom
95,Stephen F. Austin,Slnd,16-3,8.06,111.6,142,103.5,61,65.5,282,-0.054,300,-4.31,295,107.0,312,111.3,238,-4.23,287,Stephen F Austin,16,3,0.8421052631578947,kenpom
96,High Point,BSth,18-4,8.0,120.1,53,112.1,223,69.5,82,0.006,175,-8.65,359,104.7,358,113.4,339,-9.21,357,High Point,18,4,0.8181818181818182,kenpom
97,Memphis,Amer,9-9,7.81,108.6,196,100.8,38,68.9,112,-0.024,254,6.35,48,114.2,32,107.9,65,9.35,20,Memphis,9,9,0.5,kenpom
98,Hawaii,BW,14-4,7.78,107.5,217,99.7,27,69.1,97,-0.009,217,-6.92,345,106.6,323,113.5,341,-12.2,364,Hawai'i (fuzzy),14,4,0.7777777777777778,kenpom
99,Pittsburgh,ACC,8-11,7.71,115.8,87,108.0,119,64.4,329,-0.107,353,5.67,56,112.7,69,107.1,46,0.83,155,Pittsburgh,8,11,0.42105263157894735,kenpom
100,Wichita St.,Amer,12-8,7.3,114.9,99,107.6,115,65.0,312,-0.104,352,-0.7,190,109.5,214,110.2,168,-2.53,255,Wichita State (fuzzy),12,8,0.6,kenpom
101,Georgetown,BE,9-10,7.07,114.3,106,107.2,109,66.6,226,-0.068,321,6.14,51,112.6,71,106.5,29,-5.4,315,Georgetown,9,10,0.47368421052631576,kenpom
102,Wyoming,MWC,11-8,6.94,115.5,92,108.5,131,66.8,216,-0.068,320,0.74,137,110.0,176,109.3,122,-4.97,305,Wyoming,11,8,0.5789473684210527,kenpom
103,Utah Valley,WAC,15-5,6.91,113.2,122,106.3,96,70.1,59,0.05,82,-0.73,192,108.7,261,109.4,132,2.53,117,Utah Valley,15,5,0.75,kenpom
104,UC San Diego,BW,15-5,6.89,115.6,89,108.7,138,67.2,199,-0.014,232,-1.5,216,108.7,265,110.2,170,0.13,179,UC San Diego,15,5,0.75,kenpom
105,San Francisco,WCC,13-8,6.44,114.0,111,107.6,112,65.2,299,-0.029,261,0.63,140,109.9,183,109.3,124,0.68,160,San Francisco,13,8,0.6190476190476191,kenpom
106,Florida St.,ACC,8-11,6.31,114.6,102,108.3,125,72.2,19,-0.094,343,7.34,36,113.0,59,105.7,14,-2.47,249,Florida State (fuzzy),8,11,0.42105263157894735,kenpom
107,DePaul,BE,11-8,6.22,109.7,171,103.5,60,67.2,197,0.005,178,2.03,109,111.3,117,109.3,123,-11.08,363,DePaul,11,8,0.5789473684210527,kenpom
108,Northern Iowa,MVC,12-8,6.08,104.8,273,98.7,20,62.2,363,-0.063,312,0.54,142,110.1,170,109.5,139,-1.07,211,Northern Iowa,12,8,0.6,kenpom
109,Rhode Island,A10,11-8,5.55,109.7,172,104.1,70,65.6,280,-0.055,302,-1.8,227,110.0,180,111.8,266,-4.59,296,Rhode Island,11,8,0.5789473684210527,kenpom
110,Sam Houston St.,CUSA,12-7,5.45,113.9,113,108.5,127,70.8,41,-0.025,257,2.61,99,112.7,70,110.0,164,4.96,64,Sam Houston (fuzzy),12,7,0.631578947368421,kenpom
111,Troy,SB,14-6,5.41,114.4,105,108.9,143,66.4,237,-0.004,203,-1.13,206,109.1,243,110.3,176,3.37,96,Troy,14,6,0.7,kenpom
112,Bowling Green,MAC,13-6,5.34,111.8,137,106.4,98,67.8,169,-0.076,328,-2.79,249,109.1,248,111.9,274,-7.54,343,Bowling Green,13,6,0.6842105263157895,kenpom
113,Hofstra,CAA,13-7,5.22,115.4,94,110.1,167,65.5,283,-0.068,319,0.68,138,110.2,154,109.5,140,3.64,89,Hofstra,13,7,0.65,kenpom
114,Maryland,B10,8-11,5.01,111.8,135,106.8,102,67.8,172,0.007,171,10.15,10,116.1,11,105.9,18,-0.23,186,Maryland,8,11,0.42105263157894735,kenpom
115,Utah,B12,9-10,4.93,116.8,76,111.9,213,68.6,123,0.001,193,6.2,49,113.5,49,107.3,53,-0.97,207,Utah,9,10,0.47368421052631576,kenpom
116,Richmond,A10,13-7,4.87,113.5,117,108.6,135,68.4,133,-0.041,283,-3.8,277,108.2,276,112.0,280,-8.11,347,Richmond,13,7,0.65,kenpom
117,UNLV,MWC,10-8,4.7,113.3,120,108.6,133,70.5,47,0.003,184,2.51,101,111.2,128,108.7,97,0.72,159,UNLV,10,8,0.5555555555555556,kenpom
118,Pacific,WCC,13-8,4.67,113.3,121,108.6,134,64.9,313,0.007,173,-0.04,164,109.7,197,109.7,144,0.3,171,Pacific,13,8,0.6190476190476191,kenpom
119,Seattle,WCC,14-7,4.24,104.7,276,100.4,33,68.3,139,0.053,73,-0.23,167,111.0,135,111.2,229,-5.02,306,Seattle U (fuzzy),14,7,0.6666666666666666,kenpom
120,UNC Wilmington,CAA,17-3,4.22,111.8,136,107.6,113,64.9,315,0.042,95,-7.3,350,105.3,353,112.6,308,-9.32,359,UNC Wilmington,17,3,0.85,kenpom
121,Marquette,BE,7-14,4.21,112.3,130,108.0,120,69.4,84,-0.091,341,9.07,19,114.8,26,105.8,16,1.52,140,Marquette,7,14,0.3333333333333333,kenpom
122,UC Irvine,BW,13-7,4.18,105.7,253,101.5,43,67.9,164,-0.012,227,-1.64,220,108.7,263,110.3,179,-0.09,185,UC Irvine,13,7,0.65,kenpom
123,UAB,Amer,12-8,3.93,112.3,131,108.3,126,69.4,85,-0.018,245,-0.41,178,110.1,164,110.5,197,-4.54,294,UAB,12,8,0.6,kenpom
124,Winthrop,BSth,14-8,3.69,114.7,101,111.0,195,68.2,146,-0.022,250,-2.3,237,109.9,187,112.2,288,2.28,120,Winthrop,14,8,0.6363636363636364,kenpom
125,East Tennessee St.,SC,15-6,3.59,111.7,141,108.1,122,66.3,239,-0.022,249,-8.06,357,106.7,317,114.8,361,-4.96,304,East Tennessee State (fuzzy),15,6,0.7142857142857143,kenpom
126,Duquesne,A10,10-9,3.53,112.7,126,109.1,148,70.8,39,-0.098,346,0.36,145,110.4,146,110.1,165,-5.62,317,Duquesne,10,9,0.5263157894736842,kenpom
127,Georgia Tech,ACC,11-8,3.52,109.5,178,106.0,92,70.6,44,0.011,162,-2.07,231,107.4,300,109.4,134,-9.14,356,Georgia Tech,11,8,0.5789473684210527,kenpom
128,Penn St.,B10,9-10,3.49,115.9,83,112.4,227,67.0,207,-0.012,224,4.73,68,113.7,44,109.0,110,-8.12,348,Penn State (fuzzy),9,10,0.47368421052631576,kenpom
129,Oakland,Horz,11-10,3.34,118.4,67,115.0,277,70.9,37,0.04,97,4.16,77,112.8,65,108.7,98,17.1,2,Oakland,11,10,0.5238095238095238,kenpom
130,Davidson,A10,12-6,3.25,110.6,158,107.4,111,64.5,325,0.103,19,0.16,152,110.1,163,110.0,158,-0.03,182,Davidson,12,6,0.6666666666666666,kenpom
132,Fresno St.,MWC,9-10,2.97,106.9,234,103.9,66,68.2,143,-0.059,306,2.61,98,112.1,90,109.5,136,-3.62,280,Fresno State (fuzzy),9,10,0.47368421052631576,kenpom
133,William & Mary,CAA,13-6,2.83,109.7,170,106.9,104,74.1,4,0.051,79,-0.88,200,109.1,246,110.0,161,1.76,132,William & Mary,13,6,0.6842105263157895,kenpom
134,Cal Baptist,WAC,14-6,2.79,109.8,168,107.0,107,65.1,307,0.072,46,-3.23,263,107.6,294,110.8,212,-3.97,283,California Baptist (fuzzy),14,6,0.7,kenpom
135,Bradley,MVC,14-7,2.74,111.2,147,108.5,129,68.1,150,0.058,62,-1.78,226,108.7,260,110.5,193,-4.71,301,Bradley,14,7,0.6666666666666666,kenpom
136,New Mexico St.,CUSA,10-8,2.69,113.5,116,110.8,187,66.5,227,-0.121,358,-0.31,170,109.6,206,109.9,151,0.14,178,New Mexico State (fuzzy),10,8,0.5555555555555556,kenpom
137,North Dakota St.,Sum,17-5,2.62,111.7,139,109.1,147,66.3,238,0.025,133,-4.29,294,108.3,274,112.5,305,-1.43,225,North Dakota State (fuzzy),17,5,0.7727272727272727,kenpom
138,Southern Illinois,MVC,8-12,2.6,107.1,226,104.5,77,69.7,75,-0.139,363,3.66,84,112.0,99,108.3,79,1.18,149,Southern Illinois,8,12,0.4,kenpom
139,UC Santa Barbara,BW,12-7,2.48,117.1,74,114.6,269,63.8,340,-0.03,262,-3.73,274,107.4,301,111.1,224,-1.55,229,UC Santa Barbara,12,7,0.631578947368421,kenpom
140,Mercer,SC,13-7,2.35,115.1,96,112.8,233,69.8,72,0.014,158,-0.46,181,111.0,134,111.5,247,5.79,56,Mercer,13,7,0.65,kenpom
141,UT Arlington,WAC,13-6,1.95,105.1,268,103.1,55,65.4,289,0.1,21,-0.03,163,109.2,234,109.2,120,2.23,121,UT Arlington,13,6,0.6842105263157895,kenpom
142,Temple,Amer,12-7,1.93,113.1,123,111.2,198,65.9,263,0.008,168,-2.98,257,107.0,314,110.0,156,-3.14,266,Temple,12,7,0.631578947368421,kenpom
143,North Texas,Amer,12-8,1.78,103.2,297,101.4,42,64.7,319,0.019,145,-0.84,198,109.9,181,110.8,210,-2.62,258,North Texas,12,8,0.6,kenpom
144,Wright St.,Horz,12-8,1.73,112.4,128,110.7,184,65.8,267,-0.053,299,-2.68,246,111.4,114,114.1,355,1.51,141,Wright State (fuzzy),12,8,0.6,kenpom
145,Montana St.,BSky,12-8,1.72,110.6,159,108.9,142,65.7,276,-0.064,313,0.32,149,112.0,97,111.7,262,4.2,77,Montana State (fuzzy),12,8,0.6,kenpom
146,Arkansas St.,SB,13-7,1.71,112.4,129,110.7,186,72.8,11,0.103,17,0.4,144,110.2,160,109.8,147,3.3,100,Arkansas State (fuzzy),13,7,0.65,kenpom
147,Kent St.,MAC,14-5,1.66,115.6,88,114.0,258,71.9,22,0.139,4,-3.25,264,110.4,147,113.6,346,-3.61,278,Kent State (fuzzy),14,5,0.7368421052631579,kenpom
148,Boston College,ACC,9-10,1.47,104.4,281,102.9,53,65.7,279,-0.038,277,0.54,143,110.5,145,109.9,154,-6.35,330,Boston College,9,10,0.47368421052631576,kenpom
149,Middle Tennessee,CUSA,11-8,1.38,109.0,191,107.6,114,65.2,305,0.039,102,4.23,75,112.2,87,108.0,69,12.27,9,Middle Tennessee,11,8,0.5789473684210527,kenpom
151,Washington St.,WCC,8-13,1.25,114.1,110,112.8,234,67.1,206,-0.062,311,5.21,63,112.3,79,107.1,47,3.95,82,Washington State (fuzzy),8,13,0.38095238095238093,kenpom
152,Lipscomb,ASun,14-7,0.97,109.6,176,108.7,136,70.2,55,0.087,32,-3.91,280,109.0,252,112.9,317,4.86,67,Lipscomb,14,7,0.6666666666666666,kenpom
153,Loyola Marymount,WCC,11-11,0.89,105.1,267,104.3,73,67.6,181,-0.022,248,0.62,141,111.1,132,110.5,189,-5.3,312,Loyola Marymount,11,11,0.5,kenpom
154,Montana,BSky,11-9,0.86,111.7,140,110.8,188,69.3,89,0.0,194,-0.14,165,111.3,121,111.4,242,4.49,73,Montana,11,9,0.55,kenpom
155,Portland St.,BSky,12-5,0.66,105.7,254,105.0,85,68.5,130,0.031,118,-2.32,238,110.2,161,112.5,300,1.23,148,Portland State (fuzzy),12,5,0.7058823529411765,kenpom
156,Rutgers,B10,9-11,0.58,110.1,165,109.5,160,65.4,292,0.064,56,7.57,32,113.6,47,106.0,20,-6.98,335,Rutgers,9,11,0.45,kenpom
157,St. Bonaventure,A10,12-8,0.53,113.6,115,113.1,240,66.7,221,0.032,115,-1.67,222,109.4,226,111.0,222,-3.97,284,St Bonaventure,12,8,0.6,kenpom
158,Valparaiso,MVC,10-10,0.45,107.4,220,106.9,106,65.4,291,-0.018,244,0.77,136,109.6,207,108.8,101,-5.35,313,Valparaiso,10,10,0.5,kenpom
159,Towson,CAA,12-9,0.27,105.4,261,105.1,87,63.2,355,0.062,60,0.81,135,111.7,109,110.9,214,3.6,91,Towson,12,9,0.5714285714285714,kenpom
160,Toledo,MAC,10-9,0.24,115.0,97,114.7,271,68.6,127,-0.033,265,-0.51,185,110.9,137,111.4,241,2.18,123,Toledo,10,9,0.5263157894736842,kenpom
161,Marist,MAAC,12-7,0.09,101.2,322,101.1,40,66.7,220,-0.044,288,-7.55,353,105.8,341,113.4,338,-6.12,325,Marist,12,7,0.631578947368421,kenpom
163,Furman,SC,14-7,-0.07,109.1,188,109.1,149,66.5,231,0.023,138,-4.15,290,110.1,169,114.2,360,0.54,166,Furman,14,7,0.6666666666666666,kenpom
164,UC Davis,BW,11-8,-0.18,110.8,155,111.0,193,69.2,91,0.038,105,-0.26,168,109.4,225,109.6,143,1.59,136,UC Davis,11,8,0.5789473684210527,kenpom
165,Drake,MVC,10-10,-0.25,110.2,164,110.5,173,66.7,219,-0.071,324,0.32,148,110.1,172,109.7,145,-4.36,288,Drake,10,10,0.5,kenpom
166,Kennesaw St.,CUSA,12-8,-0.29,111.8,138,112.0,219,73.0,9,-0.011,220,-2.22,234,108.9,253,111.2,228,-5.28,311,Kennesaw State (fuzzy),12,8,0.6,kenpom
167,Elon,CAA,12-8,-0.55,116.4,78,117.0,308,67.3,195,0.004,180,-2.83,250,109.6,201,112.4,299,-1.46,227,Elon,12,8,0.6,kenpom
168,Austin Peay,ASun,13-6,-0.61,105.6,256,106.2,94,68.9,108,0.024,135,-4.55,300,109.3,228,113.9,352,1.75,133,Austin Peay,13,6,0.6842105263157895,kenpom
169,Western Kentucky,CUSA,11-8,-0.62,108.6,199,109.2,152,70.1,62,0.023,137,-0.67,189,110.6,143,111.2,230,0.67,161,Western Kentucky,11,8,0.5789473684210527,kenpom
170,Northern Kentucky,Horz,14-7,-0.64,110.3,163,111.0,194,70.0,69,0.012,161,-6.11,331,109.9,185,116.0,365,-4.53,292,Northern Kentucky,14,7,0.6666666666666666,kenpom
171,Marshall,SB,13-7,-0.64,111.5,143,112.1,220,69.6,78,0.033,114,-4.59,301,107.7,290,112.3,292,-1.33,221,Marshall,13,7,0.65,kenpom
172,Columbia,Ivy,12-6,-0.7,110.8,153,111.5,206,67.5,187,0.065,55,-4.05,286,109.5,208,113.6,344,-6.3,328,Columbia,12,6,0.6666666666666666,kenpom
173,Siena,MAAC,14-7,-0.73,108.5,205,109.2,151,64.4,328,-0.016,238,-9.21,361,104.4,362,113.6,345,-5.86,321,Siena,14,7,0.6666666666666666,kenpom
174,Harvard,Ivy,10-8,-0.94,109.7,175,110.6,180,63.6,347,-0.015,235,-3.93,282,107.7,289,111.7,259,-3.17,267,Harvard,10,8,0.5555555555555556,kenpom
175,Saint Joseph's,A10,11-8,-1.17,106.0,248,107.2,108,67.6,177,0.082,38,0.25,151,109.9,190,109.6,142,-4.7,300,Saint Joseph's,11,8,0.5789473684210527,kenpom
176,Northern Colorado,BSky,11-9,-1.2,112.0,132,113.2,242,68.6,125,-0.038,276,-1.27,211,110.1,174,111.3,237,-1.25,218,Northern Colorado,11,9,0.55,kenpom
177,Quinnipiac,MAAC,14-7,-1.29,107.4,221,108.7,137,70.0,66,0.09,29,-5.56,321,106.5,326,112.0,282,0.77,158,Quinnipiac,14,7,0.6666666666666666,kenpom
178,Charleston,CAA,12-8,-1.3,110.5,161,111.8,211,67.9,166,0.073,45,-1.51,217,109.8,192,111.3,240,-0.47,196,Charleston,12,8,0.6,kenpom
179,Tarleton St.,WAC,11-9,-1.38,109.7,169,111.1,197,71.2,29,-0.037,272,1.12,129,108.8,258,107.7,57,3.23,102,Tarleton State (fuzzy),11,9,0.55,kenpom
180,Charlotte,Amer,11-9,-1.62,112.8,124,114.4,267,63.7,344,0.009,167,-2.09,232,109.1,249,111.1,227,-1.56,230,Charlotte,11,9,0.55,kenpom
182,Massachusetts,MAC,13-8,-1.75,106.7,236,108.5,128,71.6,23,-0.049,294,-5.48,319,108.3,273,113.8,348,-7.34,339,Massachusetts,13,8,0.6190476190476191,kenpom
183,Texas A&M Corpus Chris,Slnd,10-9,-1.81,102.8,303,104.7,79,65.9,264,-0.005,209,3.59,85,112.3,80,108.7,99,17.82,1,Texas A&M-Corpus Christi (fuzzy),10,9,0.5263157894736842,kenpom
184,South Dakota St.,Sum,10-11,-2.05,110.0,167,112.0,218,67.8,170,-0.117,356,-1.57,218,109.2,238,110.8,209,1.15,151,South Dakota State (fuzzy),10,11,0.47619047619047616,kenpom
185,Buffalo,MAC,13-7,-2.07,113.4,119,115.4,285,66.2,248,-0.017,240,-5.46,318,107.9,284,113.3,335,-8.28,350,Buffalo,13,7,0.65,kenpom
186,Campbell,CAA,9-11,-2.15,111.4,145,113.6,250,70.3,49,0.02,143,4.4,72,113.0,61,108.6,93,7.49,34,Campbell,9,11,0.45,kenpom
187,Cornell,Ivy,8-9,-2.19,118.4,65,120.6,347,73.6,6,-0.06,309,-0.18,166,110.2,155,110.4,186,0.39,170,Cornell,8,9,0.47058823529411764,kenpom
188,Eastern Michigan,MAC,9-10,-2.22,106.9,232,109.1,146,65.7,273,-0.017,242,0.07,155,110.6,144,110.5,192,2.21,122,Eastern Michigan,9,10,0.47368421052631576,kenpom
189,Idaho,BSky,12-7,-2.26,110.4,162,112.7,232,66.9,213,0.056,66,-1.61,219,110.3,151,111.9,276,0.62,163,Idaho,12,7,0.631578947368421,kenpom
190,Tulane,Amer,12-8,-2.4,109.1,187,111.5,204,66.4,236,0.1,22,-2.9,253,107.8,286,110.7,207,-4.6,297,Tulane,12,8,0.6,kenpom
191,Missouri St.,CUSA,11-8,-2.47,109.5,179,112.0,217,64.7,317,0.032,116,-1.25,210,109.2,233,110.5,191,-1.79,235,Missouri State (fuzzy),11,8,0.5789473684210527,kenpom
192,Colgate,PL,11-9,-2.57,110.9,152,113.5,247,66.5,229,0.044,89,-2.61,244,109.1,245,111.7,265,4.52,72,Colgate,11,9,0.55,kenpom
193,Navy,PL,14-6,-2.68,105.2,265,107.9,117,66.0,254,0.051,77,-10.95,364,104.1,363,115.1,362,-8.87,355,Navy,14,6,0.7,kenpom
195,Indiana St.,MVC,9-11,-2.7,107.9,211,110.6,178,68.8,116,-0.041,284,0.33,147,108.9,255,108.6,92,-5.85,320,Indiana State (fuzzy),9,11,0.45,kenpom
196,Robert Morris,Horz,13-8,-2.76,111.2,148,114.0,255,65.4,294,0.073,44,-3.86,278,109.2,232,113.1,328,-3.18,270,Robert Morris,13,8,0.6190476190476191,kenpom
197,Cal St. Fullerton,BW,9-12,-2.79,107.7,214,110.5,176,73.9,5,-0.031,263,2.02,110,111.8,106,109.8,146,5.38,58,Cal State Fullerton (fuzzy),9,12,0.42857142857142855,kenpom
198,Portland,WCC,10-11,-2.85,107.0,230,109.8,163,69.4,86,0.036,109,1.45,122,111.6,110,110.2,173,-0.54,198,Portland,10,11,0.47619047619047616,kenpom
199,Central Arkansas,ASun,10-10,-3.12,107.8,212,110.9,191,67.5,183,-0.055,305,-3.55,269,109.7,196,113.3,332,5.3,60,Central Arkansas,10,10,0.5,kenpom
200,UT Rio Grande Valley,Slnd,8-11,-3.19,106.6,241,109.8,162,67.1,202,-0.065,316,-0.01,162,109.4,223,109.4,130,7.79,32,UT Rio Grande Valley,8,11,0.42105263157894735,kenpom
201,Fordham,A10,10-10,-3.23,105.6,255,108.8,139,64.1,335,-0.119,357,-5.76,325,107.1,311,112.9,316,-15.33,365,Fordham,10,10,0.5,kenpom
202,San Diego,WCC,9-12,-3.29,109.3,182,112.6,231,69.8,73,0.009,165,1.93,114,111.3,122,109.3,126,-2.25,246,San Diego,9,12,0.42857142857142855,kenpom
204,South Alabama,SB,14-6,-3.57,106.7,237,110.2,169,65.3,297,0.098,23,-6.33,336,106.5,325,112.8,315,-5.26,310,South Alabama,14,6,0.7,kenpom
206,Weber St.,BSky,10-10,-3.75,109.3,183,113.0,237,69.2,93,-0.064,314,-3.11,259,108.4,272,111.5,248,-1.26,219,Weber State (fuzzy),10,10,0.5,kenpom
207,Idaho St.,BSky,10-10,-3.86,111.9,134,115.7,289,64.2,333,-0.039,279,-0.74,193,110.1,171,110.8,211,2.88,111,Idaho State (fuzzy),10,10,0.5,kenpom
208,Jacksonville St.,CUSA,10-9,-3.87,106.8,235,110.7,183,63.7,343,-0.017,241,-3.59,271,108.0,280,111.6,254,-5.12,307,Jacksonville State (fuzzy),10,9,0.5263157894736842,kenpom
209,Drexel,CAA,9-11,-4.06,105.0,269,109.1,145,63.6,346,-0.099,348,-4.91,305,106.0,336,111.0,220,-8.65,353,Drexel,9,11,0.45,kenpom
210,Merrimack,MAAC,12-9,-4.11,106.5,242,110.6,182,63.5,348,0.136,5,-2.27,236,108.7,264,110.9,219,3.25,101,Merrimack,12,9,0.5714285714285714,kenpom
212,Youngstown St.,Horz,10-11,-4.29,108.0,210,112.3,226,67.1,203,-0.109,355,-4.11,289,110.1,173,114.2,358,-2.98,262,Youngstown State (fuzzy),10,11,0.47619047619047616,kenpom
213,Monmouth,CAA,9-11,-4.35,104.2,283,108.6,132,66.1,252,-0.044,289,-2.92,254,107.8,285,110.8,208,-3.28,272,Monmouth,9,11,0.45,kenpom
214,Vermont,AE,12-8,-4.39,110.8,154,115.2,281,65.2,301,0.022,140,-5.02,306,106.7,318,111.7,264,-1.48,228,Vermont,12,8,0.6,kenpom
216,New Orleans,Slnd,7-12,-4.52,113.4,118,117.9,322,69.2,94,0.019,144,3.11,92,110.1,166,107.0,43,15.35,3,New Orleans,7,12,0.3684210526315789,kenpom
217,Utah Tech,WAC,10-11,-4.55,107.2,224,111.7,210,66.3,243,0.034,110,1.75,117,110.2,162,108.4,85,3.2,105,Utah Tech,10,11,0.47619047619047616,kenpom
218,Lamar,Slnd,10-9,-4.63,104.2,282,108.9,140,65.6,281,0.009,166,-3.01,258,108.5,270,111.5,249,-0.4,193,Lamar,10,9,0.5263157894736842,kenpom
219,La Salle,A10,7-13,-4.73,107.2,223,111.9,214,64.6,321,-0.004,202,5.44,60,113.4,53,107.9,67,2.85,112,La Salle,7,13,0.35,kenpom
221,UNC Asheville,BSth,9-12,-4.8,106.6,239,111.4,203,66.0,256,-0.082,333,-1.73,224,110.4,148,112.1,284,-0.23,188,UNC Asheville,9,12,0.42857142857142855,kenpom
222,Purdue Fort Wayne,Horz,13-8,-4.94,108.5,201,113.5,246,68.2,145,0.162,2,-0.66,188,111.3,118,112.0,279,8.45,24,Purdue Fort Wayne,13,8,0.6190476190476191,kenpom
223,Wofford,SC,13-7,-4.95,111.2,149,116.1,293,68.0,152,0.133,6,-5.11,307,110.3,150,115.4,364,-3.17,268,Wofford,13,7,0.65,kenpom
224,Oregon St.,WCC,10-12,-4.96,108.5,200,113.5,248,65.2,300,0.074,43,0.66,139,109.4,219,108.8,100,-2.52,252,Oregon State (fuzzy),10,12,0.45454545454545453,kenpom
225,Charleston Southern,BSth,11-11,-5.12,106.3,245,111.4,202,71.6,24,-0.107,354,-5.38,317,107.6,295,112.9,319,-4.54,295,Charleston Southern,11,11,0.5,kenpom
226,Dartmouth,Ivy,9-8,-5.14,108.5,202,113.7,251,69.7,74,0.014,156,-3.18,261,108.8,257,112.0,281,-3.47,277,Dartmouth,9,8,0.5294117647058824,kenpom
227,Nicholls,Slnd,8-11,-5.16,109.2,184,114.4,265,68.7,120,0.039,100,2.43,103,111.3,119,108.8,107,11.04,14,Nicholls,8,11,0.42105263157894735,kenpom
228,Ohio,MAC,11-10,-5.34,107.6,215,112.9,236,69.6,77,0.086,35,-0.78,194,109.9,186,110.7,204,2.13,126,Ohio,11,10,0.5238095238095238,kenpom
229,Florida Gulf Coast,ASun,8-13,-5.46,111.4,146,116.8,304,67.8,168,-0.087,337,-1.81,229,109.9,189,111.7,261,0.28,172,Florida Gulf Coast,8,13,0.38095238095238093,kenpom
230,Princeton,Ivy,6-13,-5.49,105.5,260,110.9,192,64.6,320,-0.078,329,-0.49,183,110.8,139,111.3,233,-0.89,202,Princeton,6,13,0.3157894736842105,kenpom
231,Iona,MAAC,13-8,-5.53,105.0,270,110.5,177,70.3,54,0.109,15,-6.34,337,106.1,335,112.4,297,-3.65,281,Iona,13,8,0.6190476190476191,kenpom
232,Saint Peter's,MAAC,11-6,-5.67,104.2,286,109.8,164,65.8,266,0.102,20,-7.46,352,104.7,360,112.1,286,-0.68,200,Saint Peter's,11,6,0.6470588235294118,kenpom
233,Southern Miss,SB,11-10,-5.73,105.2,263,110.9,190,68.2,148,0.027,127,-3.73,275,107.8,287,111.5,251,2.97,109,Southern Miss,11,10,0.5238095238095238,kenpom
234,Lindenwood,OVC,12-8,-5.74,103.5,293,109.3,153,72.4,17,0.046,86,-6.25,335,105.4,351,111.7,263,3.85,84,Lindenwood,12,8,0.6,kenpom
235,Long Beach St.,BW,8-12,-5.81,107.5,218,113.3,243,67.7,176,0.014,157,0.97,134,110.0,178,109.0,111,4.39,74,Long Beach State (fuzzy),8,12,0.4,kenpom
236,Eastern Washington,BSky,4-15,-5.82,109.6,177,115.4,284,68.8,117,-0.126,361,3.5,87,112.0,98,108.5,91,6.37,50,Eastern Washington,4,15,0.21052631578947367,kenpom
237,Incarnate Word,Slnd,9-10,-5.86,107.2,225,113.0,238,66.0,261,-0.013,228,-0.65,187,110.2,157,110.8,213,6.66,46,Incarnate Word,9,10,0.47368421052631576,kenpom
238,Green Bay,Horz,11-10,-6.06,111.9,133,117.9,323,62.9,358,0.086,34,-0.47,182,112.1,93,112.5,302,6.11,52,Green Bay,11,10,0.5238095238095238,kenpom
239,Hampton,CAA,10-10,-6.11,104.5,278,110.6,181,65.2,304,-0.013,231,-5.23,312,106.0,339,111.2,231,-6.07,324,Hampton,10,10,0.5,kenpom
240,Louisiana Tech,CUSA,11-8,-6.29,102.0,314,108.2,124,63.0,357,0.047,84,-4.75,303,107.5,298,112.2,291,-6.76,333,Louisiana Tech,11,8,0.5789473684210527,kenpom
241,Rice,Amer,8-11,-6.35,108.1,209,114.4,268,65.0,309,-0.006,211,-0.84,199,109.6,200,110.5,190,-2.05,243,Rice,8,11,0.42105263157894735,kenpom
242,Old Dominion,SB,6-15,-6.41,105.8,251,112.2,225,68.9,109,-0.095,344,1.11,130,111.1,129,110.0,159,8.03,26,Old Dominion,6,15,0.2857142857142857,kenpom
243,Stony Brook,CAA,12-9,-6.47,106.6,238,113.1,241,65.1,306,0.094,24,-3.18,262,107.5,297,110.7,202,-3.99,285,Stony Brook,12,9,0.5714285714285714,kenpom
244,James Madison,SB,9-11,-6.75,110.5,160,117.2,313,65.8,269,0.051,76,-2.38,239,109.3,231,111.7,257,-2.51,250,James Madison,9,11,0.45,kenpom
245,San Jose St.,MWC,6-13,-6.83,109.5,180,116.3,296,63.8,341,0.004,183,5.1,65,112.2,89,107.1,45,1.68,135,San Jos√© State (fuzzy),6,13,0.3157894736842105,kenpom
246,Tennessee St.,OVC,12-7,-6.85,107.3,222,114.2,262,70.8,43,0.115,12,-4.53,299,106.2,331,110.7,205,5.83,54,Tennessee State (fuzzy),12,7,0.631578947368421,kenpom
247,Coastal Carolina,SB,12-9,-6.87,103.6,292,110.5,174,67.9,161,0.125,9,-3.92,281,107.4,302,111.3,235,-1.2,217,Coastal Carolina,12,9,0.5714285714285714,kenpom
248,Southeast Missouri,OVC,11-10,-7.06,104.2,285,111.2,199,69.8,71,-0.008,216,-5.76,324,106.0,337,111.8,268,4.66,70,Southeast Missouri State (fuzzy),11,10,0.5238095238095238,kenpom
249,Western Michigan,MAC,7-12,-7.12,109.7,173,116.8,303,67.9,163,-0.013,230,-0.01,161,110.2,156,110.2,174,-1.94,241,Western Michigan,7,12,0.3684210526315789,kenpom
250,Southern,SWAC,7-11,-7.15,103.3,294,110.4,172,71.3,26,-0.004,201,4.22,76,113.3,54,109.1,114,13.28,6,Southern,7,11,0.3888888888888889,kenpom
251,Milwaukee,Horz,8-13,-7.21,108.5,203,115.7,288,67.9,159,0.006,174,0.28,150,112.6,72,112.3,293,7.08,39,Milwaukee,8,13,0.38095238095238093,kenpom
252,Northeastern,CAA,6-13,-7.24,109.3,181,116.6,300,70.0,65,-0.036,270,-1.16,208,110.3,152,111.4,245,0.27,174,Northeastern,6,13,0.3157894736842105,kenpom
253,Georgia Southern,SB,13-8,-7.29,108.9,193,116.2,294,70.9,38,0.083,37,-7.18,349,105.7,342,112.9,318,-7.58,344,Georgia Southern,13,8,0.6190476190476191,kenpom
254,Abilene Christian,WAC,10-9,-7.52,103.7,290,111.2,200,65.8,271,0.11,13,0.1,154,108.9,254,108.8,104,0.82,156,Abilene Christian,10,9,0.5263157894736842,kenpom
256,Radford,BSth,11-11,-7.69,109.1,190,116.8,301,71.1,31,-0.036,269,-6.93,346,107.2,306,114.1,356,-5.8,319,Radford,11,11,0.5,kenpom
257,Samford,SC,9-11,-7.75,109.7,174,117.4,314,66.3,242,0.008,169,-3.11,260,110.0,175,113.1,329,-0.25,189,Samford,9,11,0.45,kenpom
258,Eastern Kentucky,ASun,7-13,-7.91,110.1,166,118.0,325,67.0,208,-0.055,304,-1.13,205,111.2,123,112.4,296,3.75,85,Eastern Kentucky,7,13,0.35,kenpom
259,Denver,Sum,9-12,-8.09,116.4,79,124.5,363,68.1,151,0.027,126,2.11,107,112.1,92,109.9,155,6.77,42,Denver,9,12,0.42857142857142855,kenpom
260,Chattanooga,SC,9-11,-8.15,107.0,227,115.2,280,66.5,228,-0.017,239,-4.84,304,109.3,229,114.2,359,-3.21,271,Chattanooga,9,11,0.45,kenpom
261,Howard,MEAC,12-8,-8.18,101.3,321,109.5,158,68.4,134,0.039,99,-7.14,348,105.2,354,112.4,295,-2.85,259,Howard,12,8,0.6,kenpom
262,Cal Poly,BW,7-13,-8.24,105.9,249,114.1,261,74.1,3,0.028,124,2.33,104,111.6,111,109.3,125,5.1,62,Cal Poly,7,13,0.35,kenpom
263,Bethune Cookman,SWAC,7-11,-8.34,105.7,252,114.1,259,68.2,142,0.046,85,3.26,91,111.3,120,108.0,71,14.09,4,Bethune-Cookman (fuzzy),7,11,0.3888888888888889,kenpom
264,Brown,Ivy,7-10,-8.39,100.1,334,108.5,130,66.0,258,-0.061,310,-5.24,313,108.2,275,113.5,340,-7.09,336,Brown,7,10,0.4117647058823529,kenpom
265,East Carolina,Amer,6-14,-8.93,101.0,327,109.9,166,68.9,110,-0.027,260,0.01,159,110.3,149,110.3,180,-2.86,260,East Carolina,6,14,0.3,kenpom
266,Texas St.,SB,11-10,-8.93,102.9,302,111.8,212,66.8,215,0.057,64,-6.86,342,105.4,352,112.2,290,-8.52,352,Texas State (fuzzy),11,10,0.5238095238095238,kenpom
267,Pepperdine,WCC,6-15,-8.94,101.3,320,110.2,168,66.5,230,-0.037,274,2.96,93,111.9,104,108.9,108,-3.05,264,Pepperdine,6,15,0.2857142857142857,kenpom
269,Fairfield,MAAC,12-9,-9.07,108.9,192,118.0,324,67.6,179,0.037,107,-9.62,363,103.7,364,113.4,337,-7.83,346,Fairfield,12,9,0.5714285714285714,kenpom
271,UMBC,AE,11-7,-9.1,107.7,213,116.8,305,66.3,241,0.046,88,-12.31,365,102.8,365,115.1,363,-7.28,337,UMBC,11,7,0.6111111111111112,kenpom
272,Le Moyne,NEC,10-10,-9.32,106.2,246,115.5,286,68.4,132,0.01,164,-7.62,354,105.7,344,113.3,334,-1.9,237,Le Moyne,10,10,0.5,kenpom
273,UTEP,CUSA,7-12,-9.36,104.2,284,113.5,249,64.6,322,0.043,92,1.29,127,109.2,239,107.9,66,3.72,87,UTEP,7,12,0.3684210526315789,kenpom
274,Georgia St.,SB,8-12,-9.37,100.0,336,109.4,155,68.4,131,-0.012,225,-1.33,213,109.4,224,110.7,206,2.3,119,Georgia State (fuzzy),8,12,0.4,kenpom
275,Presbyterian,BSth,11-10,-9.48,104.7,274,114.2,263,63.4,350,0.015,153,-5.26,314,107.3,303,112.5,303,-1.91,238,Presbyterian,11,10,0.5238095238095238,kenpom
276,Longwood,BSth,12-10,-9.48,105.5,259,115.0,274,68.2,144,0.014,159,-8.24,358,105.6,348,113.8,350,-9.65,361,Longwood,12,10,0.5454545454545454,kenpom
277,UC Riverside,BW,7-13,-9.73,105.3,262,115.0,276,67.7,174,0.007,172,2.0,112,110.1,165,108.1,77,5.29,61,UC Riverside,7,13,0.35,kenpom
278,Grambling St.,SWAC,8-10,-9.87,102.7,304,112.5,230,67.8,171,0.03,120,-3.37,267,107.2,304,110.6,198,1.44,142,Grambling (fuzzy),8,10,0.4444444444444444,kenpom
279,Sacred Heart,MAAC,8-13,-9.88,108.6,197,118.5,331,68.6,122,-0.046,291,-5.66,322,106.1,333,111.8,267,-0.75,201,Sacred Heart,8,13,0.38095238095238093,kenpom
280,Southern Utah,WAC,7-13,-9.94,102.5,307,112.5,228,70.2,56,-0.035,268,1.63,120,111.0,136,109.3,127,2.93,110,Southern Utah,7,13,0.35,kenpom
281,South Dakota,Sum,11-10,-10.0,108.2,207,118.2,327,71.0,33,0.066,51,-4.23,293,108.6,268,112.8,314,-3.66,282,South Dakota,11,10,0.5238095238095238,kenpom
282,Western Carolina,SC,6-12,-10.0,107.0,229,117.0,309,68.5,129,0.028,122,2.56,100,111.8,105,109.2,119,9.94,18,Western Carolina,6,12,0.3333333333333333,kenpom
283,Detroit Mercy,Horz,8-11,-10.08,106.0,247,116.1,292,69.6,79,0.031,117,-2.43,240,109.8,194,112.2,289,6.68,45,Detroit Mercy,8,11,0.42105263157894735,kenpom
284,Sacramento St.,BSky,6-12,-10.12,105.0,271,115.1,278,72.4,16,0.003,188,3.29,90,112.9,64,109.6,141,7.36,35,Sacramento State (fuzzy),6,12,0.3333333333333333,kenpom
285,Bellarmine,ASun,7-12,-10.22,112.7,125,122.9,359,65.1,308,-0.007,213,-0.45,180,111.6,112,112.1,283,4.12,79,Bellarmine,7,12,0.3684210526315789,kenpom
286,East Texas A&M,Slnd,8-12,-10.42,100.9,328,111.3,201,69.2,95,0.04,98,1.03,133,109.9,191,108.8,105,6.53,48,East Texas A&M,8,12,0.4,kenpom
287,Northwestern St.,Slnd,6-13,-10.45,109.1,189,119.5,340,65.3,295,-0.003,198,1.08,131,109.5,209,108.4,87,7.98,28,Northwestern State (fuzzy),6,13,0.3157894736842105,kenpom
288,Central Connecticut,NEC,10-8,-10.69,108.2,208,118.9,335,65.0,311,0.079,40,-6.71,340,105.1,356,111.8,269,-1.3,220,Central Connecticut,10,8,0.5555555555555556,kenpom
289,Evansville,MVC,5-15,-10.7,99.9,337,110.6,179,68.1,149,-0.041,281,3.68,82,111.7,107,108.1,73,3.34,98,Evansville,5,15,0.25,kenpom
290,North Dakota,Sum,11-12,-10.94,106.6,240,117.6,317,67.4,191,0.063,57,-4.36,296,108.1,279,112.4,298,-0.23,187,North Dakota,11,12,0.4782608695652174,kenpom
291,Little Rock,OVC,9-11,-11.06,105.2,266,116.2,295,66.2,250,0.052,74,-3.62,272,106.8,316,110.4,185,3.64,90,Little Rock,9,11,0.45,kenpom
292,Boston University,PL,8-12,-11.15,110.7,156,121.8,355,63.9,338,-0.016,237,-6.86,343,106.2,330,113.0,324,-3.47,276,Boston University,8,12,0.4,kenpom
293,Jacksonville,ASun,7-13,-11.29,102.6,306,113.9,254,63.4,349,-0.037,273,0.36,146,111.2,124,110.9,216,4.65,71,Jacksonville,7,13,0.35,kenpom
294,Mercyhurst,NEC,9-11,-11.34,100.2,333,111.5,205,63.7,345,-0.021,247,-6.1,330,106.9,315,113.0,322,0.52,167,Mercyhurst,9,11,0.45,kenpom
295,Mount St. Mary's,MAAC,8-13,-11.4,100.2,332,111.6,208,68.6,124,0.042,94,-3.58,270,106.4,328,110.0,162,0.57,165,Mount St Mary's,8,13,0.38095238095238093,kenpom
296,Delaware,CUSA,5-13,-11.52,103.2,298,114.7,270,63.0,356,-0.047,292,-5.32,315,106.6,321,111.9,275,-6.16,327,Delaware,5,13,0.2777777777777778,kenpom
297,Alabama A&M,SWAC,10-8,-11.75,102.2,310,114.0,256,66.0,260,0.068,50,-7.72,355,105.6,347,113.3,333,-1.0,208,Alabama A&M,10,8,0.5555555555555556,kenpom
298,Albany,AE,7-13,-11.8,103.9,287,115.7,287,65.8,268,-0.08,330,-0.95,202,109.7,198,110.6,199,4.82,68,UAlbany (fuzzy),7,13,0.35,kenpom
299,Houston Christian,Slnd,7-12,-11.86,107.6,216,119.4,339,64.0,336,0.014,155,-2.6,243,108.7,266,111.2,232,-1.37,223,Houston Christian,7,12,0.3684210526315789,kenpom
300,Norfolk St.,MEAC,9-12,-11.88,101.6,318,113.5,245,67.1,205,0.015,154,-4.22,292,106.4,327,110.7,201,0.49,168,Norfolk State (fuzzy),9,12,0.42857142857142855,kenpom
301,Morehead St.,OVC,10-10,-11.96,106.3,243,118.3,330,65.4,288,0.117,11,-2.96,256,107.5,296,110.5,195,7.87,31,Morehead State (fuzzy),10,10,0.5,kenpom
303,Alabama St.,SWAC,5-13,-12.14,104.8,272,116.9,306,69.3,90,-0.053,298,0.12,153,108.6,267,108.5,90,8.12,25,Alabama State (fuzzy),5,13,0.2777777777777778,kenpom
304,Prairie View A&M,SWAC,8-11,-12.18,102.9,301,115.1,279,72.1,20,-0.007,212,-1.06,204,109.5,213,110.5,196,8.92,21,Prairie View A&M,8,11,0.42105263157894735,kenpom
305,Lehigh,PL,8-12,-12.21,103.1,299,115.3,282,67.5,188,0.025,134,-5.85,327,106.7,319,112.5,304,-1.18,215,Lehigh,8,12,0.4,kenpom
306,North Carolina A&T,CAA,8-10,-12.3,104.5,279,116.8,302,69.0,100,0.001,192,-5.5,320,107.8,288,113.3,331,-9.21,358,North Carolina A&T,8,10,0.4444444444444444,kenpom
307,Cal St. Bakersfield,BW,8-13,-12.52,102.5,308,115.0,275,69.9,70,0.063,58,0.06,156,109.2,235,109.2,116,-1.2,216,Cal State Bakersfield (fuzzy),8,13,0.38095238095238093,kenpom
308,Loyola Chicago,A10,5-15,-12.58,106.3,244,118.9,336,66.1,253,0.054,71,0.05,157,109.6,203,109.5,138,-5.78,318,Loyola Chicago,5,15,0.25,kenpom
309,UNC Greensboro,SC,8-13,-12.65,108.2,206,120.9,348,67.2,198,0.046,87,-3.48,268,109.6,202,113.1,327,-0.07,184,UNC Greensboro,8,13,0.38095238095238093,kenpom
310,UMass Lowell,AE,8-12,-12.68,104.4,280,117.1,311,69.3,87,-0.015,233,-3.79,276,107.1,310,110.9,218,2.59,115,UMass Lowell,8,12,0.4,kenpom
311,Eastern Illinois,OVC,9-11,-12.7,96.6,356,109.3,154,65.4,290,0.071,47,-2.23,235,108.0,281,110.2,172,12.14,10,Eastern Illinois,9,11,0.45,kenpom
312,Ball St.,MAC,6-13,-13.23,102.7,305,115.9,290,63.9,337,-0.002,197,-2.76,248,108.9,256,111.6,255,-4.89,303,Ball State (fuzzy),6,13,0.3157894736842105,kenpom
313,Florida A&M,SWAC,7-9,-13.36,100.7,329,114.1,260,68.3,135,0.085,36,-0.38,175,109.0,251,109.4,128,7.98,27,Florida A&M,7,9,0.4375,kenpom
314,Northern Illinois,MAC,6-12,-13.65,101.1,323,114.8,273,68.0,158,-0.005,205,-0.39,176,109.9,184,110.3,178,3.03,107,Northern Illinois,6,12,0.3333333333333333,kenpom
315,Lafayette,PL,5-15,-14.13,102.3,309,116.4,297,67.4,192,-0.098,347,-5.12,308,107.9,282,113.1,325,-1.93,240,Lafayette,5,15,0.25,kenpom
317,Arkansas Pine Bluff,SWAC,6-13,-14.18,103.7,291,117.9,319,70.3,51,0.026,129,4.05,78,112.5,76,108.4,86,13.71,5,Arkansas-Pine Bluff (fuzzy),6,13,0.3157894736842105,kenpom
318,Oral Roberts,Sum,5-16,-14.25,102.2,311,116.4,299,67.4,190,-0.016,236,1.39,124,112.5,75,111.1,226,4.88,65,Oral Roberts,5,16,0.23809523809523808,kenpom
319,Stetson,ASun,7-14,-14.46,103.2,295,117.7,318,67.6,178,0.016,152,-0.4,177,109.6,199,110.0,163,3.0,108,Stetson,7,14,0.3333333333333333,kenpom
320,Cleveland St.,Horz,7-14,-14.47,108.5,204,123.0,360,69.1,99,0.019,147,-1.29,212,111.7,108,113.0,320,3.97,81,Cleveland State (fuzzy),7,14,0.3333333333333333,kenpom
321,Southern Indiana,OVC,5-15,-14.5,97.2,352,111.7,209,68.6,126,-0.164,365,-7.06,347,105.5,350,112.6,306,-1.08,212,Southern Indiana,5,15,0.25,kenpom
322,New Hampshire,AE,6-12,-14.53,98.4,345,112.9,235,66.9,212,-0.018,243,-1.22,209,109.1,242,110.4,184,6.37,49,New Hampshire,6,12,0.3333333333333333,kenpom
323,Central Michigan,MAC,5-14,-14.69,103.2,296,117.9,321,65.9,265,-0.073,326,-0.34,173,111.0,133,111.3,239,1.08,152,Central Michigan,5,14,0.2631578947368421,kenpom
324,Northern Arizona,BSky,6-14,-14.7,103.8,288,118.5,334,64.5,326,-0.008,214,-0.8,196,109.8,193,110.6,200,-0.34,191,Northern Arizona,6,14,0.3,kenpom
325,Wagner,NEC,6-12,-14.85,105.6,258,120.4,346,65.2,298,-0.103,351,-6.13,332,105.5,349,111.7,256,4.35,76,Wagner,6,12,0.3333333333333333,kenpom
326,Maryland Eastern Shore,MEAC,8-13,-14.92,98.7,341,113.7,252,63.3,354,0.034,111,-0.34,172,109.6,204,109.9,153,5.73,57,Maryland Eastern Shore,8,13,0.38095238095238093,kenpom
327,Bucknell,PL,6-14,-14.95,99.4,339,114.4,266,66.7,222,0.012,160,-3.64,273,109.1,244,112.8,311,1.56,138,Bucknell,6,14,0.3,kenpom
328,Holy Cross,PL,8-12,-15.14,101.9,315,117.0,310,64.7,316,0.054,72,-2.89,252,108.5,269,111.4,243,1.16,150,Holy Cross,8,12,0.4,kenpom
329,Louisiana,SB,5-16,-15.39,98.1,347,113.5,244,62.5,362,-0.003,199,-3.88,279,107.0,313,110.9,217,-0.94,205,Louisiana,5,16,0.23809523809523808,kenpom
331,Jackson St.,SWAC,5-13,-15.83,102.0,312,117.9,320,70.9,35,0.094,25,3.68,81,112.0,95,108.4,82,13.16,7,Jackson State (fuzzy),5,13,0.2777777777777778,kenpom
332,North Alabama,ASun,6-12,-16.05,103.7,289,119.8,342,66.0,255,0.05,80,-2.86,251,110.1,168,113.0,321,3.34,99,North Alabama,6,12,0.3333333333333333,kenpom
333,Army,PL,8-12,-16.08,105.2,264,121.3,352,66.2,247,0.055,67,-6.15,333,107.7,292,113.8,351,-3.05,263,Army,8,12,0.4,kenpom
334,Manhattan,MAAC,8-13,-16.12,105.9,250,122.0,356,68.8,115,0.075,42,-5.95,329,105.7,343,111.7,260,-3.06,265,Manhattan,8,13,0.38095238095238093,kenpom
335,NJIT,AE,9-12,-16.27,98.5,344,114.7,272,68.3,140,0.089,31,-5.35,316,106.6,320,112.0,278,0.49,169,NJIT,9,12,0.42857142857142855,kenpom
336,Fairleigh Dickinson,NEC,7-13,-16.52,102.0,313,118.5,333,65.8,272,-0.006,210,-4.04,285,107.4,299,111.4,246,5.01,63,Fairleigh Dickinson,7,13,0.35,kenpom
337,West Georgia,ASun,9-10,-16.79,103.0,300,119.8,341,68.8,114,0.14,3,-5.12,309,108.8,259,113.9,353,0.17,176,West Georgia,9,10,0.47368421052631576,kenpom
338,Tennessee Tech,OVC,7-13,-16.88,100.1,335,117.0,307,68.0,153,-0.053,296,-5.71,323,106.2,332,111.9,273,2.7,114,Tennessee Tech,7,13,0.35,kenpom
340,Texas Southern,SWAC,4-13,-17.18,101.3,319,118.5,332,69.3,88,-0.102,350,-0.5,184,109.4,221,109.9,152,12.09,11,Texas Southern,4,13,0.23529411764705882,kenpom
341,North Florida,ASun,4-16,-17.55,109.1,185,126.7,365,70.8,42,-0.037,275,1.65,119,110.9,138,109.2,118,7.94,29,North Florida,4,16,0.2,kenpom
342,Stonehill,NEC,6-14,-17.69,94.4,362,112.1,221,66.2,246,-0.021,246,-6.87,344,105.7,345,112.6,307,-1.44,226,Stonehill,6,14,0.3,kenpom
343,Alcorn St.,SWAC,3-14,-17.71,100.4,331,118.1,326,68.6,128,0.022,141,4.29,74,112.1,91,107.8,63,11.71,13,Alcorn State (fuzzy),3,14,0.17647058823529413,kenpom
344,Air Force,MWC,3-16,-17.74,96.2,359,114.0,257,65.0,310,0.005,179,1.13,128,111.5,113,110.4,183,-5.59,316,Air Force,3,16,0.15789473684210525,kenpom
345,Canisius,MAAC,8-12,-18.35,97.0,355,115.3,283,64.2,334,0.081,39,-6.15,334,106.5,324,112.7,309,-2.61,256,Canisius,8,12,0.4,kenpom
346,Kansas City,Sum,4-16,-18.63,99.6,338,118.2,328,69.1,98,-0.01,219,1.05,132,112.1,94,111.0,221,4.74,69,Kansas City,4,16,0.2,kenpom
347,Bryant,AE,6-13,-18.74,97.7,349,116.4,298,64.4,327,0.038,104,-1.69,223,107.2,308,108.8,106,3.67,88,Bryant,6,13,0.3157894736842105,kenpom
348,UTSA,Amer,4-15,-18.82,98.7,342,117.5,316,68.9,113,0.026,128,1.55,121,110.7,141,109.1,113,1.01,153,UTSA,4,15,0.21052631578947367,kenpom
349,North Carolina Central,MEAC,7-12,-18.96,101.0,325,119.9,343,66.6,224,0.018,149,-0.01,160,110.1,167,110.1,166,8.84,22,North Carolina Central,7,12,0.3684210526315789,kenpom
350,Maine,AE,4-17,-19.14,91.7,363,110.9,189,64.2,332,-0.022,252,-4.73,302,107.2,307,111.9,277,-1.36,222,Maine,4,17,0.19047619047619047,kenpom
351,VMI,SC,6-14,-19.29,101.8,316,121.0,349,67.0,209,-0.011,222,-4.07,288,109.3,230,113.4,336,-0.91,203,VMI,6,14,0.3,kenpom
352,Niagara,MAAC,5-14,-20.4,98.6,343,119.0,338,61.9,365,-0.024,255,-6.82,341,106.2,329,113.0,323,-5.37,314,Niagara,5,14,0.2631578947368421,kenpom
353,Rider,MAAC,2-16,-20.75,96.4,357,117.2,312,65.5,284,-0.06,307,-1.15,207,109.2,237,110.3,181,9.8,19,Rider,2,16,0.1111111111111111,kenpom
354,The Citadel,SC,6-15,-20.9,101.1,324,122.0,357,64.3,331,0.004,181,-3.3,265,109.5,212,112.8,312,-1.92,239,The Citadel,6,15,0.2857142857142857,kenpom
355,Saint Francis,NEC,6-14,-21.01,98.0,348,119.0,337,69.2,92,0.039,101,-2.69,247,109.1,247,111.8,271,6.69,43,San Francisco (fuzzy),6,14,0.3,kenpom
356,Western Illinois,OVC,4-17,-22.7,95.6,360,118.3,329,66.1,251,-0.088,339,-5.23,311,106.1,334,111.3,236,-1.66,232,Western Illinois,4,17,0.19047619047619047,kenpom
357,Delaware St.,MEAC,5-14,-22.99,90.7,364,113.7,253,67.3,196,-0.052,295,-5.83,326,106.0,338,111.8,272,-0.6,199,Delaware State (fuzzy),5,14,0.2631578947368421,kenpom
359,Chicago St.,NEC,2-18,-23.16,97.2,351,120.4,345,66.8,217,-0.041,280,1.31,126,110.2,153,108.9,109,11.82,12,Chicago State (fuzzy),2,18,0.1,kenpom
360,South Carolina St.,MEAC,4-16,-24.14,97.2,350,121.4,354,68.3,138,-0.008,215,-1.81,228,110.0,179,111.8,270,3.54,93,South Carolina State (fuzzy),4,16,0.2,kenpom
361,Morgan St.,MEAC,6-13,-24.61,99.4,340,124.0,362,69.1,96,0.003,186,-7.4,351,104.7,359,112.1,285,-2.52,253,Morgan State (fuzzy),6,13,0.3157894736842105,kenpom
362,Binghamton,AE,4-17,-25.11,96.3,358,121.4,353,65.7,278,-0.068,322,-8.99,360,105.2,355,114.2,357,-7.45,342,Binghamton,4,17,0.19047619047619047,kenpom
363,Gardner Webb,BSth,3-19,-26.68,97.2,353,123.8,361,70.3,50,0.003,189,1.42,123,111.4,115,110.0,157,5.8,55,Gardner-Webb (fuzzy),3,19,0.13636363636363635,kenpom
364,Coppin St.,MEAC,3-18,-29.98,94.9,361,124.9,364,68.3,137,0.019,148,-2.63,245,108.4,271,111.1,223,1.72,134,Coppin State (fuzzy),3,18,0.14285714285714285,kenpom
365,Mississippi Valley St.,SWAC,1-19,-34.14,88.0,365,122.2,358,66.6,225,-0.042,285,-1.38,214,109.5,210,110.9,215,5.87,53,Mississippi Valley State (fuzzy),1,19,0.05,kenpom
