Rk,Team,Conf,W-L,NetRtg,ORtg,ORtg_Rank,DRtg,DRtg_Rank,AdjT,AdjT_Rank,Luck,Luck_Rank,SOS_NetRtg,SOS_NetRtg_Rank,SOS_ORtg,SOS_ORtg_Rank,SOS_DRtg,SOS_DRtg_Rank,NCSOS_NetRtg,NCSOS_NetRtg_Rank
1,Michigan,B10,18-1,+35.99,126.6,7,90.6,2,72.7,12,+.028,123,+11.33,5,116.7,5,105.4,9,+10.98,15
2,Arizona,B12,19-0,+34.81,127.2,4,92.4,3,71.1,32,+.029,121,+6.71,46,114.2,33,107.5,55,+2.79,113
3,Duke,ACC,17-1,+33.25,126.2,8,93.0,6,67.4,193,+.078,41,+10.18,9,115.8,13,105.6,12,+6.54,47
4,Houston,B12,17-1,+31.12,124.1,19,93.0,4,63.4,351,+.054,69,+5.29,62,113.4,52,108.1,74,+0.65,162
5,Iowa St.,B12,17-2,+31.02,125.5,12,94.5,7,67.7,173,+.028,125,+5.59,58,112.4,78,106.8,40,-2.27,247
6,Gonzaga,WCC,20-1,+30.71,125.8,10,95.1,9,70.1,64,+.091,27,+4.36,73,112.4,77,108.1,75,+7.35,36
7,Purdue,B10,17-2,+30.70,129.2,2,98.5,19,65.4,293,+.055,68,+10.12,11,116.3,10,106.2,23,+7.16,37
8,Illinois,B10,16-3,+30.35,129.5,1,99.2,23,66.3,240,+.005,177,+7.90,28,114.9,25,107.0,42,+3.40,95
9,Michigan St.,B10,17-2,+30.08,120.0,54,89.9,1,65.8,270,-.034,266,+8.91,20,116.7,6,107.8,64,+2.56,116
10,Florida,SEC,14-5,+29.96,125.5,11,95.5,11,70.1,58,-.087,336,+12.18,4,117.6,4,105.4,8,+6.94,41
11,Connecticut,BE,18-1,+28.83,121.8,37,93.0,5,65.2,303,+.087,33,+9.47,15,114.7,28,105.2,5,+7.70,33
12,Nebraska,B10,19-0,+27.17,123.5,22,96.3,12,66.9,211,+.091,28,+6.20,50,113.9,39,107.7,59,-5.12,308
13,Virginia,ACC,16-2,+27.11,124.8,17,97.7,17,65.5,287,+.002,191,+4.79,67,113.2,55,108.5,88,-3.38,274
14,BYU,B12,16-2,+26.61,125.3,14,98.7,21,70.5,46,+.040,96,+6.96,42,113.6,46,106.6,32,+3.52,94
15,Vanderbilt,SEC,16-3,+26.19,126.2,9,100.0,28,70.4,48,+.054,70,+9.16,18,115.8,14,106.6,33,+1.59,137
16,Louisville,ACC,13-5,+26.19,126.9,6,100.7,35,70.1,61,-.054,301,+7.76,30,113.1,58,105.3,7,+1.97,129
17,Kansas,B12,14-5,+25.41,121.7,38,96.3,13,67.4,189,-.002,196,+13.15,2,116.6,7,103.4,1,+10.64,17
18,Alabama,SEC,13-5,+25.33,129.2,3,103.9,65,73.5,8,-.004,204,+14.65,1,119.1,1,104.4,2,+12.61,8
19,Texas Tech,B12,15-4,+25.23,125.4,13,100.1,29,67.6,182,+.050,81,+11.18,6,117.9,2,106.7,35,+7.90,30
20,Iowa,B10,14-5,+24.41,121.9,36,97.5,16,63.9,339,-.053,297,+3.97,79,111.9,101,108.0,68,-7.29,338
21,Arkansas,SEC,14-5,+24.25,126.9,5,102.7,49,71.5,25,-.004,200,+10.86,7,116.4,9,105.5,10,+4.01,80
22,St. John's,BE,14-5,+24.08,122.5,29,98.4,18,70.3,53,-.047,293,+9.30,17,115.4,17,106.1,22,+6.98,40
23,Tennessee,SEC,12-6,+23.50,120.9,42,97.4,14,66.5,233,-.074,327,+8.17,26,115.9,12,107.7,60,+0.28,173
24,Saint Louis,A10,19-1,+22.30,121.6,39,99.3,24,71.3,27,+.024,136,-2.49,242,107.9,283,110.4,187,-6.01,323
25,Kentucky,SEC,13-6,+21.64,122.4,32,100.8,36,67.7,175,-.012,226,+8.78,22,115.6,15,106.8,38,+1.54,139
26,Villanova,BE,15-4,+21.58,122.4,33,100.8,37,63.3,353,+.022,139,+7.79,29,115.1,22,107.3,51,+3.13,106
27,Georgia,SEC,16-3,+21.38,122.4,31,101.0,39,74.4,1,+.025,132,+1.82,116,111.3,116,109.5,137,-7.36,340
28,N.C. State,ACC,13-6,+21.08,122.3,34,101.2,41,69.0,106,-.064,315,+7.03,39,113.7,43,106.7,34,+4.38,75
29,Clemson,ACC,16-4,+20.88,118.3,68,97.4,15,64.7,318,+.021,142,+6.79,44,113.6,45,106.8,36,+1.84,130
30,Auburn,SEC,12-7,+20.49,125.1,15,104.6,78,68.0,155,+.003,187,+12.75,3,117.7,3,105.0,4,+8.79,23
31,SMU,ACC,14-5,+20.14,124.6,18,104.5,76,68.9,111,+.019,146,+8.44,24,114.8,27,106.4,27,+2.00,128
32,Saint Mary's,WCC,18-3,+19.90,120.5,51,100.6,34,65.5,285,+.031,119,+2.48,102,110.2,159,107.7,58,+3.35,97
33,North Carolina,ACC,15-4,+19.84,122.9,27,103.0,54,68.0,156,+.026,130,+4.53,69,112.2,88,107.6,56,-0.07,183
34,Utah St.,MWC,16-3,+19.84,122.1,35,102.3,48,67.9,162,+.044,90,+3.43,88,112.2,86,108.8,103,+2.01,127
35,Indiana,B10,13-7,+19.66,122.6,28,102.9,52,67.0,210,-.055,303,+5.76,55,112.8,67,107.0,44,-4.53,293
36,Wisconsin,B10,14-5,+19.28,122.5,30,103.2,57,70.5,45,+.063,59,+6.59,47,114.1,35,107.5,54,-2.15,244
37,Ohio St.,B10,13-6,+19.28,122.9,25,103.6,63,66.8,218,-.043,286,+7.36,35,114.3,31,106.9,41,-4.00,286
38,Texas A&M,SEC,15-4,+18.99,120.6,49,101.6,44,71.2,28,+.025,131,+2.26,105,112.5,74,110.3,177,-6.45,331
39,Miami FL,ACC,15-4,+18.28,118.6,63,100.3,32,68.9,107,-.011,223,-0.93,201,109.8,195,110.7,203,-7.61,345
40,UCLA,B10,13-6,+17.99,120.8,45,102.8,50,64.9,314,-.015,234,+5.87,54,113.9,40,108.0,70,-4.86,302
41,Texas,SEC,11-8,+17.90,124.8,16,106.9,105,67.4,194,-.122,359,+7.73,31,114.0,36,106.3,25,-4.38,290
42,LSU,SEC,13-6,+17.04,121.5,40,104.4,75,67.1,204,-.033,264,+3.38,89,112.0,96,108.6,96,-4.49,291
43,Santa Clara,WCC,16-5,+16.93,120.5,50,103.6,62,69.5,81,-.005,208,+2.86,94,111.1,130,108.2,78,+3.73,86
44,San Diego St.,MWC,13-5,+16.32,115.8,86,99.4,25,69.0,105,+.069,49,+6.03,52,112.8,66,106.8,37,+6.34,51
45,New Mexico,MWC,15-4,+16.31,115.8,85,99.5,26,70.1,57,-.009,218,+2.77,96,111.1,131,108.3,80,+1.35,145
46,UCF,B12,14-4,+16.09,120.7,47,104.7,80,69.0,104,+.106,16,+6.72,45,113.9,38,107.2,50,-1.09,213
47,VCU,A10,13-6,+15.97,120.8,43,104.9,82,69.7,76,-.085,335,+2.10,108,111.2,127,109.1,112,-1.77,234
48,Baylor,B12,11-7,+15.96,123.6,21,107.6,116,67.9,160,-.027,259,+9.43,16,114.0,37,104.6,3,-0.47,195
49,Seton Hall,BE,14-5,+15.86,111.1,150,95.2,10,65.7,275,-.026,258,+5.15,64,113.5,51,108.4,83,-4.61,298
50,Washington,B10,10-9,+15.55,118.8,61,103.2,59,67.5,186,-.087,338,+10.49,8,116.5,8,106.0,19,-0.92,204
51,USC,B10,14-5,+15.26,117.3,73,102.0,46,70.1,60,+.103,18,+7.38,34,113.9,41,106.5,30,-1.01,209
52,Creighton,BE,12-8,+15.03,120.8,46,105.7,89,66.5,232,+.005,176,+8.88,21,115.3,18,106.4,28,+4.13,78
53,TCU,B12,12-7,+14.98,113.9,112,98.9,22,67.1,201,-.091,342,+3.54,86,111.9,100,108.4,84,-6.35,329
54,Cincinnati,B12,10-9,+14.56,109.1,186,94.6,8,68.6,121,-.102,349,+6.99,41,113.0,60,106.0,21,-1.83,236
55,Missouri,SEC,13-6,+14.47,120.2,52,105.7,88,66.2,249,+.038,106,+2.85,95,112.3,85,109.4,131,-8.18,349
56,Virginia Tech,ACC,15-5,+14.28,117.5,71,103.2,58,68.3,141,+.033,113,+5.42,61,113.8,42,108.3,81,-0.33,190
57,Butler,BE,13-7,+14.23,119.3,56,105.0,86,70.1,63,-.005,206,+7.01,40,113.5,50,106.5,31,-1.96,242
58,West Virginia,B12,13-6,+14.23,115.9,84,101.6,45,62.8,360,-.013,229,+1.36,125,110.0,177,108.6,95,-8.52,351
59,Akron,MAC,16-4,+14.23,123.7,20,109.4,157,71.1,30,-.041,282,-3.32,266,109.4,220,112.7,310,-2.92,261
60,Tulsa,Amer,16-3,+13.29,123.2,23,109.9,165,68.0,157,+.036,108,-0.42,179,109.4,215,109.9,150,-2.61,257
61,Northwestern,B10,9-10,+13.15,119.5,55,106.4,97,65.7,274,-.140,364,+8.27,25,114.5,29,106.2,24,-1.72,233
62,Oklahoma,SEC,11-8,+12.76,120.7,48,107.9,118,67.1,200,-.081,331,+4.97,66,112.7,68,107.8,62,-6.14,326
63,Nevada,MWC,14-5,+12.44,118.9,59,106.5,100,65.5,286,+.042,93,+3.66,83,112.3,84,108.6,94,+2.35,118
64,Providence,BE,9-10,+12.40,122.9,26,110.5,175,72.6,13,-.129,362,+8.52,23,114.2,34,105.6,13,+0.08,180
65,Belmont,MVC,17-3,+12.26,118.8,62,106.5,99,69.0,103,+.004,182,-1.99,230,107.1,309,109.1,115,-4.64,299
66,Oklahoma St.,B12,14-5,+12.25,118.4,64,106.2,93,72.9,10,+.065,53,+4.46,70,112.6,73,108.1,76,-2.42,248
67,McNeese,Slnd,15-4,+12.19,118.4,66,106.2,95,66.2,245,+.060,61,-0.31,171,109.2,240,109.5,135,+10.93,16
68,Boise St.,MWC,11-8,+12.17,114.4,104,102.2,47,66.5,234,+.034,112,+9.58,14,115.3,19,105.7,15,+7.16,38
69,Mississippi,SEC,11-8,+12.11,116.2,81,104.1,68,65.2,302,-.037,271,+5.97,53,113.1,57,107.2,48,-1.61,231
70,Wake Forest,ACC,11-8,+11.97,114.9,100,102.9,51,69.5,80,-.025,256,+7.43,33,115.2,21,107.8,61,+1.29,147
71,Syracuse,ACC,12-7,+11.79,115.0,98,103.2,56,68.0,154,-.038,278,+1.93,113,109.2,241,107.2,49,-3.61,279
72,South Carolina,SEC,11-8,+11.76,116.0,82,104.2,72,66.0,257,-.082,332,+1.86,115,112.3,82,110.4,188,-8.67,354
73,George Mason,A10,18-1,+11.54,116.5,77,105.0,84,64.6,323,+.052,75,-4.00,284,109.2,236,113.2,330,-7.39,341
74,California,ACC,14-5,+11.45,115.4,93,104.0,67,66.8,214,+.058,63,+2.16,106,112.3,81,110.2,167,-6.83,334
75,George Washington,A10,12-7,+11.44,120.8,44,109.4,156,70.0,68,-.123,360,-0.81,197,109.4,217,110.3,175,-2.52,254
76,South Florida,Amer,12-7,+11.42,116.2,80,104.8,81,72.4,15,-.067,318,+3.83,80,113.2,56,109.4,129,+3.92,83
77,Stanford,ACC,14-5,+11.39,115.5,91,104.1,69,67.5,185,+.128,7,+5.49,59,112.3,83,106.8,39,-0.97,206
78,Dayton,A10,14-5,+11.15,111.4,144,100.3,31,67.6,180,-.002,195,-1.39,215,110.2,158,111.6,253,-0.53,197
79,Yale,Ivy,14-3,+10.95,123.1,24,112.2,224,65.7,277,+.093,26,-0.60,186,110.7,142,111.3,234,+0.93,154
80,Colorado,B12,12-7,+10.83,118.9,60,108.1,121,69.0,101,-.043,287,+4.42,71,112.9,63,108.5,89,-1.14,214
81,Minnesota,B10,10-9,+10.45,114.3,108,103.8,64,63.3,352,-.065,317,+5.67,57,114.5,30,108.8,102,-9.64,360
82,Grand Canyon,MWC,12-6,+10.40,110.7,157,100.3,30,67.9,165,+.011,163,+1.74,118,111.9,103,110.2,169,-5.15,309
83,Notre Dame,ACC,10-9,+10.34,114.5,103,104.2,71,65.3,296,-.046,290,+7.18,37,113.5,48,106.4,26,+0.02,181
84,Kansas St.,B12,10-9,+9.99,116.9,75,106.9,103,72.3,18,-.072,325,+6.92,43,115.0,23,108.0,72,+0.80,157
85,Mississippi St.,SEC,10-9,+9.33,113.7,114,104.4,74,68.7,118,+.002,190,+7.91,27,115.2,20,107.3,52,+2.16,125
86,Illinois St.,MVC,14-6,+9.29,114.2,109,104.9,83,66.7,223,-.035,267,-1.66,221,108.7,262,110.4,182,-2.52,251
87,Xavier,BE,11-8,+9.26,115.2,95,105.9,91,70.3,52,+.043,91,+7.15,38,113.0,62,105.8,17,+1.35,146
88,Miami OH,MAC,20-0,+9.03,117.9,69,108.9,141,70.9,36,+.109,14,-6.38,338,107.6,293,114.0,354,-10.46,362
89,Oregon,B10,8-11,+9.00,115.5,90,106.5,101,66.0,259,-.060,308,+9.67,13,114.9,24,105.2,6,+1.79,131
90,Colorado St.,MWC,12-8,+8.97,120.9,41,111.9,216,62.1,364,-.022,251,+2.66,97,111.9,102,109.3,121,-3.40,275
91,Murray St.,MVC,16-4,+8.90,119.2,57,110.3,170,72.4,14,+.051,78,-2.19,233,109.4,227,111.5,252,-3.33,273
92,Arizona St.,B12,10-9,+8.88,117.9,70,109.0,144,70.0,67,+.050,83,+9.92,12,115.5,16,105.5,11,+4.86,66
93,Florida Atlantic,Amer,14-6,+8.41,114.3,107,105.9,90,70.8,40,+.003,185,+2.02,111,111.2,126,109.2,117,+3.56,92
94,Liberty,CUSA,16-3,+8.29,119.0,58,110.7,185,63.8,342,+.168,1,-0.34,174,109.4,218,109.8,148,+1.42,143
95,Stephen F. Austin,Slnd,16-3,+8.06,111.6,142,103.5,61,65.5,282,-.054,300,-4.31,295,107.0,312,111.3,238,-4.23,287
96,High Point,BSth,18-4,+8.00,120.1,53,112.1,223,69.5,82,+.006,175,-8.65,359,104.7,358,113.4,339,-9.21,357
97,Memphis,Amer,9-9,+7.81,108.6,196,100.8,38,68.9,112,-.024,254,+6.35,48,114.2,32,107.9,65,+9.35,20
98,Hawaii,BW,14-4,+7.78,107.5,217,99.7,27,69.1,97,-.009,217,-6.92,345,106.6,323,113.5,341,-12.20,364
99,Pittsburgh,ACC,8-11,+7.71,115.8,87,108.0,119,64.4,329,-.107,353,+5.67,56,112.7,69,107.1,46,+0.83,155
100,Wichita St.,Amer,12-8,+7.30,114.9,99,107.6,115,65.0,312,-.104,352,-0.70,190,109.5,214,110.2,168,-2.53,255
101,Georgetown,BE,9-10,+7.07,114.3,106,107.2,109,66.6,226,-.068,321,+6.14,51,112.6,71,106.5,29,-5.40,315
102,Wyoming,MWC,11-8,+6.94,115.5,92,108.5,131,66.8,216,-.068,320,+0.74,137,110.0,176,109.3,122,-4.97,305
103,Utah Valley,WAC,15-5,+6.91,113.2,122,106.3,96,70.1,59,+.050,82,-0.73,192,108.7,261,109.4,132,+2.53,117
104,UC San Diego,BW,15-5,+6.89,115.6,89,108.7,138,67.2,199,-.014,232,-1.50,216,108.7,265,110.2,170,+0.13,179
105,San Francisco,WCC,13-8,+6.44,114.0,111,107.6,112,65.2,299,-.029,261,+0.63,140,109.9,183,109.3,124,+0.68,160
106,Florida St.,ACC,8-11,+6.31,114.6,102,108.3,125,72.2,19,-.094,343,+7.34,36,113.0,59,105.7,14,-2.47,249
107,DePaul,BE,11-8,+6.22,109.7,171,103.5,60,67.2,197,+.005,178,+2.03,109,111.3,117,109.3,123,-11.08,363
108,Northern Iowa,MVC,12-8,+6.08,104.8,273,98.7,20,62.2,363,-.063,312,+0.54,142,110.1,170,109.5,139,-1.07,211
109,Rhode Island,A10,11-8,+5.55,109.7,172,104.1,70,65.6,280,-.055,302,-1.80,227,110.0,180,111.8,266,-4.59,296
110,Sam Houston St.,CUSA,12-7,+5.45,113.9,113,108.5,127,70.8,41,-.025,257,+2.61,99,112.7,70,110.0,164,+4.96,64
111,Troy,SB,14-6,+5.41,114.4,105,108.9,143,66.4,237,-.004,203,-1.13,206,109.1,243,110.3,176,+3.37,96
112,Bowling Green,MAC,13-6,+5.34,111.8,137,106.4,98,67.8,169,-.076,328,-2.79,249,109.1,248,111.9,274,-7.54,343
113,Hofstra,CAA,13-7,+5.22,115.4,94,110.1,167,65.5,283,-.068,319,+0.68,138,110.2,154,109.5,140,+3.64,89
114,Maryland,B10,8-11,+5.01,111.8,135,106.8,102,67.8,172,+.007,171,+10.15,10,116.1,11,105.9,18,-0.23,186
115,Utah,B12,9-10,+4.93,116.8,76,111.9,213,68.6,123,+.001,193,+6.20,49,113.5,49,107.3,53,-0.97,207
116,Richmond,A10,13-7,+4.87,113.5,117,108.6,135,68.4,133,-.041,283,-3.80,277,108.2,276,112.0,280,-8.11,347
117,UNLV,MWC,10-8,+4.70,113.3,120,108.6,133,70.5,47,+.003,184,+2.51,101,111.2,128,108.7,97,+0.72,159
118,Pacific,WCC,13-8,+4.67,113.3,121,108.6,134,64.9,313,+.007,173,-0.04,164,109.7,197,109.7,144,+0.30,171
119,Seattle,WCC,14-7,+4.24,104.7,276,100.4,33,68.3,139,+.053,73,-0.23,167,111.0,135,111.2,229,-5.02,306
120,UNC Wilmington,CAA,17-3,+4.22,111.8,136,107.6,113,64.9,315,+.042,95,-7.30,350,105.3,353,112.6,308,-9.32,359
121,Marquette,BE,7-14,+4.21,112.3,130,108.0,120,69.4,84,-.091,341,+9.07,19,114.8,26,105.8,16,+1.52,140
122,UC Irvine,BW,13-7,+4.18,105.7,253,101.5,43,67.9,164,-.012,227,-1.64,220,108.7,263,110.3,179,-0.09,185
123,UAB,Amer,12-8,+3.93,112.3,131,108.3,126,69.4,85,-.018,245,-0.41,178,110.1,164,110.5,197,-4.54,294
124,Winthrop,BSth,14-8,+3.69,114.7,101,111.0,195,68.2,146,-.022,250,-2.30,237,109.9,187,112.2,288,+2.28,120
125,East Tennessee St.,SC,15-6,+3.59,111.7,141,108.1,122,66.3,239,-.022,249,-8.06,357,106.7,317,114.8,361,-4.96,304
126,Duquesne,A10,10-9,+3.53,112.7,126,109.1,148,70.8,39,-.098,346,+0.36,145,110.4,146,110.1,165,-5.62,317
127,Georgia Tech,ACC,11-8,+3.52,109.5,178,106.0,92,70.6,44,+.011,162,-2.07,231,107.4,300,109.4,134,-9.14,356
128,Penn St.,B10,9-10,+3.49,115.9,83,112.4,227,67.0,207,-.012,224,+4.73,68,113.7,44,109.0,110,-8.12,348
129,Oakland,Horz,11-10,+3.34,118.4,67,115.0,277,70.9,37,+.040,97,+4.16,77,112.8,65,108.7,98,+17.10,2
130,Davidson,A10,12-6,+3.25,110.6,158,107.4,111,64.5,325,+.103,19,+0.16,152,110.1,163,110.0,158,-0.03,182
131,St. Thomas,Sum,16-5,+3.14,112.6,127,109.5,159,68.7,119,+.065,52,-4.06,287,109.4,216,113.5,342,-2.23,245
132,Fresno St.,MWC,9-10,+2.97,106.9,234,103.9,66,68.2,143,-.059,306,+2.61,98,112.1,90,109.5,136,-3.62,280
133,William & Mary,CAA,13-6,+2.83,109.7,170,106.9,104,74.1,4,+.051,79,-0.88,200,109.1,246,110.0,161,+1.76,132
134,Cal Baptist,WAC,14-6,+2.79,109.8,168,107.0,107,65.1,307,+.072,46,-3.23,263,107.6,294,110.8,212,-3.97,283
135,Bradley,MVC,14-7,+2.74,111.2,147,108.5,129,68.1,150,+.058,62,-1.78,226,108.7,260,110.5,193,-4.71,301
136,New Mexico St.,CUSA,10-8,+2.69,113.5,116,110.8,187,66.5,227,-.121,358,-0.31,170,109.6,206,109.9,151,+0.14,178
137,North Dakota St.,Sum,17-5,+2.62,111.7,139,109.1,147,66.3,238,+.025,133,-4.29,294,108.3,274,112.5,305,-1.43,225
138,Southern Illinois,MVC,8-12,+2.60,107.1,226,104.5,77,69.7,75,-.139,363,+3.66,84,112.0,99,108.3,79,+1.18,149
139,UC Santa Barbara,BW,12-7,+2.48,117.1,74,114.6,269,63.8,340,-.030,262,-3.73,274,107.4,301,111.1,224,-1.55,229
140,Mercer,SC,13-7,+2.35,115.1,96,112.8,233,69.8,72,+.014,158,-0.46,181,111.0,134,111.5,247,+5.79,56
141,UT Arlington,WAC,13-6,+1.95,105.1,268,103.1,55,65.4,289,+.100,21,-0.03,163,109.2,234,109.2,120,+2.23,121
142,Temple,Amer,12-7,+1.93,113.1,123,111.2,198,65.9,263,+.008,168,-2.98,257,107.0,314,110.0,156,-3.14,266
143,North Texas,Amer,12-8,+1.78,103.2,297,101.4,42,64.7,319,+.019,145,-0.84,198,109.9,181,110.8,210,-2.62,258
144,Wright St.,Horz,12-8,+1.73,112.4,128,110.7,184,65.8,267,-.053,299,-2.68,246,111.4,114,114.1,355,+1.51,141
145,Montana St.,BSky,12-8,+1.72,110.6,159,108.9,142,65.7,276,-.064,313,+0.32,149,112.0,97,111.7,262,+4.20,77
146,Arkansas St.,SB,13-7,+1.71,112.4,129,110.7,186,72.8,11,+.103,17,+0.40,144,110.2,160,109.8,147,+3.30,100
147,Kent St.,MAC,14-5,+1.66,115.6,88,114.0,258,71.9,22,+.139,4,-3.25,264,110.4,147,113.6,346,-3.61,278
148,Boston College,ACC,9-10,+1.47,104.4,281,102.9,53,65.7,279,-.038,277,+0.54,143,110.5,145,109.9,154,-6.35,330
149,Middle Tennessee,CUSA,11-8,+1.38,109.0,191,107.6,114,65.2,305,+.039,102,+4.23,75,112.2,87,108.0,69,+12.27,9
150,Illinois Chicago,MVC,10-10,+1.31,108.6,198,107.3,110,66.3,244,-.090,340,-0.27,169,109.6,205,109.9,149,-4.38,289
151,Washington St.,WCC,8-13,+1.25,114.1,110,112.8,234,67.1,206,-.062,311,+5.21,63,112.3,79,107.1,47,+3.95,82
152,Lipscomb,ASun,14-7,+0.97,109.6,176,108.7,136,70.2,55,+.087,32,-3.91,280,109.0,252,112.9,317,+4.86,67
153,Loyola Marymount,WCC,11-11,+0.89,105.1,267,104.3,73,67.6,181,-.022,248,+0.62,141,111.1,132,110.5,189,-5.30,312
154,Montana,BSky,11-9,+0.86,111.7,140,110.8,188,69.3,89,+.000,194,-0.14,165,111.3,121,111.4,242,+4.49,73
155,Portland St.,BSky,12-5,+0.66,105.7,254,105.0,85,68.5,130,+.031,118,-2.32,238,110.2,161,112.5,300,+1.23,148
156,Rutgers,B10,9-11,+0.58,110.1,165,109.5,160,65.4,292,+.064,56,+7.57,32,113.6,47,106.0,20,-6.98,335
157,St. Bonaventure,A10,12-8,+0.53,113.6,115,113.1,240,66.7,221,+.032,115,-1.67,222,109.4,226,111.0,222,-3.97,284
158,Valparaiso,MVC,10-10,+0.45,107.4,220,106.9,106,65.4,291,-.018,244,+0.77,136,109.6,207,108.8,101,-5.35,313
159,Towson,CAA,12-9,+0.27,105.4,261,105.1,87,63.2,355,+.062,60,+0.81,135,111.7,109,110.9,214,+3.60,91
160,Toledo,MAC,10-9,+0.24,115.0,97,114.7,271,68.6,127,-.033,265,-0.51,185,110.9,137,111.4,241,+2.18,123
161,Marist,MAAC,12-7,+0.09,101.2,322,101.1,40,66.7,220,-.044,288,-7.55,353,105.8,341,113.4,338,-6.12,325
162,Queens,ASun,12-8,-0.03,117.4,72,117.5,315,69.0,102,+.071,48,-2.44,241,111.2,125,113.7,347,+6.69,44
163,Furman,SC,14-7,-0.07,109.1,188,109.1,149,66.5,231,+.023,138,-4.15,290,110.1,169,114.2,360,+0.54,166
164,UC Davis,BW,11-8,-0.18,110.8,155,111.0,193,69.2,91,+.038,105,-0.26,168,109.4,225,109.6,143,+1.59,136
165,Drake,MVC,10-10,-0.25,110.2,164,110.5,173,66.7,219,-.071,324,+0.32,148,110.1,172,109.7,145,-4.36,288
166,Kennesaw St.,CUSA,12-8,-0.29,111.8,138,112.0,219,73.0,9,-.011,220,-2.22,234,108.9,253,111.2,228,-5.28,311
167,Elon,CAA,12-8,-0.55,116.4,78,117.0,308,67.3,195,+.004,180,-2.83,250,109.6,201,112.4,299,-1.46,227
168,Austin Peay,ASun,13-6,-0.61,105.6,256,106.2,94,68.9,108,+.024,135,-4.55,300,109.3,228,113.9,352,+1.75,133
169,Western Kentucky,CUSA,11-8,-0.62,108.6,199,109.2,152,70.1,62,+.023,137,-0.67,189,110.6,143,111.2,230,+0.67,161
170,Northern Kentucky,Horz,14-7,-0.64,110.3,163,111.0,194,70.0,69,+.012,161,-6.11,331,109.9,185,116.0,365,-4.53,292
171,Marshall,SB,13-7,-0.64,111.5,143,112.1,220,69.6,78,+.033,114,-4.59,301,107.7,290,112.3,292,-1.33,221
172,Columbia,Ivy,12-6,-0.70,110.8,153,111.5,206,67.5,187,+.065,55,-4.05,286,109.5,208,113.6,344,-6.30,328
173,Siena,MAAC,14-7,-0.73,108.5,205,109.2,151,64.4,328,-.016,238,-9.21,361,104.4,362,113.6,345,-5.86,321
174,Harvard,Ivy,10-8,-0.94,109.7,175,110.6,180,63.6,347,-.015,235,-3.93,282,107.7,289,111.7,259,-3.17,267
175,Saint Joseph's,A10,11-8,-1.17,106.0,248,107.2,108,67.6,177,+.082,38,+0.25,151,109.9,190,109.6,142,-4.70,300
176,Northern Colorado,BSky,11-9,-1.20,112.0,132,113.2,242,68.6,125,-.038,276,-1.27,211,110.1,174,111.3,237,-1.25,218
177,Quinnipiac,MAAC,14-7,-1.29,107.4,221,108.7,137,70.0,66,+.090,29,-5.56,321,106.5,326,112.0,282,+0.77,158
178,Charleston,CAA,12-8,-1.30,110.5,161,111.8,211,67.9,166,+.073,45,-1.51,217,109.8,192,111.3,240,-0.47,196
179,Tarleton St.,WAC,11-9,-1.38,109.7,169,111.1,197,71.2,29,-.037,272,+1.12,129,108.8,258,107.7,57,+3.23,102
180,Charlotte,Amer,11-9,-1.62,112.8,124,114.4,267,63.7,344,+.009,167,-2.09,232,109.1,249,111.1,227,-1.56,230
181,Penn,Ivy,9-8,-1.63,110.9,151,112.5,229,69.5,83,+.007,170,-0.99,203,109.0,250,110.0,160,-0.36,192
182,Massachusetts,MAC,13-8,-1.75,106.7,236,108.5,128,71.6,23,-.049,294,-5.48,319,108.3,273,113.8,348,-7.34,339
183,Texas A&M Corpus Chris,Slnd,10-9,-1.81,102.8,303,104.7,79,65.9,264,-.005,209,+3.59,85,112.3,80,108.7,99,+17.82,1
184,South Dakota St.,Sum,10-11,-2.05,110.0,167,112.0,218,67.8,170,-.117,356,-1.57,218,109.2,238,110.8,209,+1.15,151
185,Buffalo,MAC,13-7,-2.07,113.4,119,115.4,285,66.2,248,-.017,240,-5.46,318,107.9,284,113.3,335,-8.28,350
186,Campbell,CAA,9-11,-2.15,111.4,145,113.6,250,70.3,49,+.020,143,+4.40,72,113.0,61,108.6,93,+7.49,34
187,Cornell,Ivy,8-9,-2.19,118.4,65,120.6,347,73.6,6,-.060,309,-0.18,166,110.2,155,110.4,186,+0.39,170
188,Eastern Michigan,MAC,9-10,-2.22,106.9,232,109.1,146,65.7,273,-.017,242,+0.07,155,110.6,144,110.5,192,+2.21,122
189,Idaho,BSky,12-7,-2.26,110.4,162,112.7,232,66.9,213,+.056,66,-1.61,219,110.3,151,111.9,276,+0.62,163
190,Tulane,Amer,12-8,-2.40,109.1,187,111.5,204,66.4,236,+.100,22,-2.90,253,107.8,286,110.7,207,-4.60,297
191,Missouri St.,CUSA,11-8,-2.47,109.5,179,112.0,217,64.7,317,+.032,116,-1.25,210,109.2,233,110.5,191,-1.79,235
192,Colgate,PL,11-9,-2.57,110.9,152,113.5,247,66.5,229,+.044,89,-2.61,244,109.1,245,111.7,265,+4.52,72
193,Navy,PL,14-6,-2.68,105.2,265,107.9,117,66.0,254,+.051,77,-10.95,364,104.1,363,115.1,362,-8.87,355
194,FIU,CUSA,9-10,-2.69,108.9,194,111.6,207,71.9,21,-.069,323,-0.73,191,110.7,140,111.4,244,-0.42,194
195,Indiana St.,MVC,9-11,-2.70,107.9,211,110.6,178,68.8,116,-.041,284,+0.33,147,108.9,255,108.6,92,-5.85,320
196,Robert Morris,Horz,13-8,-2.76,111.2,148,114.0,255,65.4,294,+.073,44,-3.86,278,109.2,232,113.1,328,-3.18,270
197,Cal St. Fullerton,BW,9-12,-2.79,107.7,214,110.5,176,73.9,5,-.031,263,+2.02,110,111.8,106,109.8,146,+5.38,58
198,Portland,WCC,10-11,-2.85,107.0,230,109.8,163,69.4,86,+.036,109,+1.45,122,111.6,110,110.2,173,-0.54,198
199,Central Arkansas,ASun,10-10,-3.12,107.8,212,110.9,191,67.5,183,-.055,305,-3.55,269,109.7,196,113.3,332,+5.30,60
200,UT Rio Grande Valley,Slnd,8-11,-3.19,106.6,241,109.8,162,67.1,202,-.065,316,-0.01,162,109.4,223,109.4,130,+7.79,32
201,Fordham,A10,10-10,-3.23,105.6,255,108.8,139,64.1,335,-.119,357,-5.76,325,107.1,311,112.9,316,-15.33,365
202,San Diego,WCC,9-12,-3.29,109.3,182,112.6,231,69.8,73,+.009,165,+1.93,114,111.3,122,109.3,126,-2.25,246
203,CSUN,BW,11-9,-3.44,108.7,195,112.1,222,73.5,7,+.065,54,-0.79,195,109.4,222,110.2,171,+0.20,175
204,South Alabama,SB,14-6,-3.57,106.7,237,110.2,169,65.3,297,+.098,23,-6.33,336,106.5,325,112.8,315,-5.26,310
205,Tennessee Martin,OVC,15-5,-3.60,104.5,277,108.2,123,64.6,324,+.122,10,-6.51,339,105.0,357,111.5,250,-1.04,210
206,Weber St.,BSky,10-10,-3.75,109.3,183,113.0,237,69.2,93,-.064,314,-3.11,259,108.4,272,111.5,248,-1.26,219
207,Idaho St.,BSky,10-10,-3.86,111.9,134,115.7,289,64.2,333,-.039,279,-0.74,193,110.1,171,110.8,211,+2.88,111
208,Jacksonville St.,CUSA,10-9,-3.87,106.8,235,110.7,183,63.7,343,-.017,241,-3.59,271,108.0,280,111.6,254,-5.12,307
209,Drexel,CAA,9-11,-4.06,105.0,269,109.1,145,63.6,346,-.099,348,-4.91,305,106.0,336,111.0,220,-8.65,353
210,Merrimack,MAAC,12-9,-4.11,106.5,242,110.6,182,63.5,348,+.136,5,-2.27,236,108.7,264,110.9,219,+3.25,101
211,American,PL,12-8,-4.15,106.9,233,111.0,196,67.5,184,+.089,30,-4.41,297,108.1,278,112.5,301,+0.61,164
212,Youngstown St.,Horz,10-11,-4.29,108.0,210,112.3,226,67.1,203,-.109,355,-4.11,289,110.1,173,114.2,358,-2.98,262
213,Monmouth,CAA,9-11,-4.35,104.2,283,108.6,132,66.1,252,-.044,289,-2.92,254,107.8,285,110.8,208,-3.28,272
214,Vermont,AE,12-8,-4.39,110.8,154,115.2,281,65.2,301,+.022,140,-5.02,306,106.7,318,111.7,264,-1.48,228
215,LIU,NEC,12-8,-4.49,107.5,219,111.9,215,68.2,147,+.127,8,-4.46,298,107.7,291,112.1,287,+2.17,124
216,New Orleans,Slnd,7-12,-4.52,113.4,118,117.9,322,69.2,94,+.019,144,+3.11,92,110.1,166,107.0,43,+15.35,3
217,Utah Tech,WAC,10-11,-4.55,107.2,224,111.7,210,66.3,243,+.034,110,+1.75,117,110.2,162,108.4,85,+3.20,105
218,Lamar,Slnd,10-9,-4.63,104.2,282,108.9,140,65.6,281,+.009,166,-3.01,258,108.5,270,111.5,249,-0.40,193
219,La Salle,A10,7-13,-4.73,107.2,223,111.9,214,64.6,321,-.004,202,+5.44,60,113.4,53,107.9,67,+2.85,112
220,Appalachian St.,SB,13-9,-4.74,105.6,257,110.3,171,62.6,361,+.039,103,-5.85,328,107.2,305,113.1,326,-1.40,224
221,UNC Asheville,BSth,9-12,-4.80,106.6,239,111.4,203,66.0,256,-.082,333,-1.73,224,110.4,148,112.1,284,-0.23,188
222,Purdue Fort Wayne,Horz,13-8,-4.94,108.5,201,113.5,246,68.2,145,+.162,2,-0.66,188,111.3,118,112.0,279,+8.45,24
223,Wofford,SC,13-7,-4.95,111.2,149,116.1,293,68.0,152,+.133,6,-5.11,307,110.3,150,115.4,364,-3.17,268
224,Oregon St.,WCC,10-12,-4.96,108.5,200,113.5,248,65.2,300,+.074,43,+0.66,139,109.4,219,108.8,100,-2.52,252
225,Charleston Southern,BSth,11-11,-5.12,106.3,245,111.4,202,71.6,24,-.107,354,-5.38,317,107.6,295,112.9,319,-4.54,295
226,Dartmouth,Ivy,9-8,-5.14,108.5,202,113.7,251,69.7,74,+.014,156,-3.18,261,108.8,257,112.0,281,-3.47,277
227,Nicholls,Slnd,8-11,-5.16,109.2,184,114.4,265,68.7,120,+.039,100,+2.43,103,111.3,119,108.8,107,+11.04,14
228,Ohio,MAC,11-10,-5.34,107.6,215,112.9,236,69.6,77,+.086,35,-0.78,194,109.9,186,110.7,204,+2.13,126
229,Florida Gulf Coast,ASun,8-13,-5.46,111.4,146,116.8,304,67.8,168,-.087,337,-1.81,229,109.9,189,111.7,261,+0.28,172
230,Princeton,Ivy,6-13,-5.49,105.5,260,110.9,192,64.6,320,-.078,329,-0.49,183,110.8,139,111.3,233,-0.89,202
231,Iona,MAAC,13-8,-5.53,105.0,270,110.5,177,70.3,54,+.109,15,-6.34,337,106.1,335,112.4,297,-3.65,281
232,Saint Peter's,MAAC,11-6,-5.67,104.2,286,109.8,164,65.8,266,+.102,20,-7.46,352,104.7,360,112.1,286,-0.68,200
233,Southern Miss,SB,11-10,-5.73,105.2,263,110.9,190,68.2,148,+.027,127,-3.73,275,107.8,287,111.5,251,+2.97,109
234,Lindenwood,OVC,12-8,-5.74,103.5,293,109.3,153,72.4,17,+.046,86,-6.25,335,105.4,351,111.7,263,+3.85,84
235,Long Beach St.,BW,8-12,-5.81,107.5,218,113.3,243,67.7,176,+.014,157,+0.97,134,110.0,178,109.0,111,+4.39,74
236,Eastern Washington,BSky,4-15,-5.82,109.6,177,115.4,284,68.8,117,-.126,361,+3.50,87,112.0,98,108.5,91,+6.37,50
237,Incarnate Word,Slnd,9-10,-5.86,107.2,225,113.0,238,66.0,261,-.013,228,-0.65,187,110.2,157,110.8,213,+6.66,46
238,Green Bay,Horz,11-10,-6.06,111.9,133,117.9,323,62.9,358,+.086,34,-0.47,182,112.1,93,112.5,302,+6.11,52
239,Hampton,CAA,10-10,-6.11,104.5,278,110.6,181,65.2,304,-.013,231,-5.23,312,106.0,339,111.2,231,-6.07,324
240,Louisiana Tech,CUSA,11-8,-6.29,102.0,314,108.2,124,63.0,357,+.047,84,-4.75,303,107.5,298,112.2,291,-6.76,333
241,Rice,Amer,8-11,-6.35,108.1,209,114.4,268,65.0,309,-.006,211,-0.84,199,109.6,200,110.5,190,-2.05,243
242,Old Dominion,SB,6-15,-6.41,105.8,251,112.2,225,68.9,109,-.095,344,+1.11,130,111.1,129,110.0,159,+8.03,26
243,Stony Brook,CAA,12-9,-6.47,106.6,238,113.1,241,65.1,306,+.094,24,-3.18,262,107.5,297,110.7,202,-3.99,285
244,James Madison,SB,9-11,-6.75,110.5,160,117.2,313,65.8,269,+.051,76,-2.38,239,109.3,231,111.7,257,-2.51,250
245,San Jose St.,MWC,6-13,-6.83,109.5,180,116.3,296,63.8,341,+.004,183,+5.10,65,112.2,89,107.1,45,+1.68,135
246,Tennessee St.,OVC,12-7,-6.85,107.3,222,114.2,262,70.8,43,+.115,12,-4.53,299,106.2,331,110.7,205,+5.83,54
247,Coastal Carolina,SB,12-9,-6.87,103.6,292,110.5,174,67.9,161,+.125,9,-3.92,281,107.4,302,111.3,235,-1.20,217
248,Southeast Missouri,OVC,11-10,-7.06,104.2,285,111.2,199,69.8,71,-.008,216,-5.76,324,106.0,337,111.8,268,+4.66,70
249,Western Michigan,MAC,7-12,-7.12,109.7,173,116.8,303,67.9,163,-.013,230,-0.01,161,110.2,156,110.2,174,-1.94,241
250,Southern,SWAC,7-11,-7.15,103.3,294,110.4,172,71.3,26,-.004,201,+4.22,76,113.3,54,109.1,114,+13.28,6
251,Milwaukee,Horz,8-13,-7.21,108.5,203,115.7,288,67.9,159,+.006,174,+0.28,150,112.6,72,112.3,293,+7.08,39
252,Northeastern,CAA,6-13,-7.24,109.3,181,116.6,300,70.0,65,-.036,270,-1.16,208,110.3,152,111.4,245,+0.27,174
253,Georgia Southern,SB,13-8,-7.29,108.9,193,116.2,294,70.9,38,+.083,37,-7.18,349,105.7,342,112.9,318,-7.58,344
254,Abilene Christian,WAC,10-9,-7.52,103.7,290,111.2,200,65.8,271,+.110,13,+0.10,154,108.9,254,108.8,104,+0.82,156
255,SIUE,OVC,12-8,-7.52,101.7,317,109.2,150,64.3,330,+.018,150,-9.23,362,104.6,361,113.8,349,-6.68,332
256,Radford,BSth,11-11,-7.69,109.1,190,116.8,301,71.1,31,-.036,269,-6.93,346,107.2,306,114.1,356,-5.80,319
257,Samford,SC,9-11,-7.75,109.7,174,117.4,314,66.3,242,+.008,169,-3.11,260,110.0,175,113.1,329,-0.25,189
258,Eastern Kentucky,ASun,7-13,-7.91,110.1,166,118.0,325,67.0,208,-.055,304,-1.13,205,111.2,123,112.4,296,+3.75,85
259,Denver,Sum,9-12,-8.09,116.4,79,124.5,363,68.1,151,+.027,126,+2.11,107,112.1,92,109.9,155,+6.77,42
260,Chattanooga,SC,9-11,-8.15,107.0,227,115.2,280,66.5,228,-.017,239,-4.84,304,109.3,229,114.2,359,-3.21,271
261,Howard,MEAC,12-8,-8.18,101.3,321,109.5,158,68.4,134,+.039,99,-7.14,348,105.2,354,112.4,295,-2.85,259
262,Cal Poly,BW,7-13,-8.24,105.9,249,114.1,261,74.1,3,+.028,124,+2.33,104,111.6,111,109.3,125,+5.10,62
263,Bethune Cookman,SWAC,7-11,-8.34,105.7,252,114.1,259,68.2,142,+.046,85,+3.26,91,111.3,120,108.0,71,+14.09,4
264,Brown,Ivy,7-10,-8.39,100.1,334,108.5,130,66.0,258,-.061,310,-5.24,313,108.2,275,113.5,340,-7.09,336
265,East Carolina,Amer,6-14,-8.93,101.0,327,109.9,166,68.9,110,-.027,260,+0.01,159,110.3,149,110.3,180,-2.86,260
266,Texas St.,SB,11-10,-8.93,102.9,302,111.8,212,66.8,215,+.057,64,-6.86,342,105.4,352,112.2,290,-8.52,352
267,Pepperdine,WCC,6-15,-8.94,101.3,320,110.2,168,66.5,230,-.037,274,+2.96,93,111.9,104,108.9,108,-3.05,264
268,Nebraska Omaha,Sum,9-12,-9.07,106.9,231,116.0,291,66.4,235,-.005,207,-1.73,225,109.9,182,111.7,258,+3.21,104
269,Fairfield,MAAC,12-9,-9.07,108.9,192,118.0,324,67.6,179,+.037,107,-9.62,363,103.7,364,113.4,337,-7.83,346
270,Southeastern Louisiana,Slnd,5-14,-9.08,100.6,330,109.7,161,66.0,262,-.024,253,+0.04,158,109.5,211,109.4,133,+5.33,59
271,UMBC,AE,11-7,-9.10,107.7,213,116.8,305,66.3,241,+.046,88,-12.31,365,102.8,365,115.1,363,-7.28,337
272,Le Moyne,NEC,10-10,-9.32,106.2,246,115.5,286,68.4,132,+.010,164,-7.62,354,105.7,344,113.3,334,-1.90,237
273,UTEP,CUSA,7-12,-9.36,104.2,284,113.5,249,64.6,322,+.043,92,+1.29,127,109.2,239,107.9,66,+3.72,87
274,Georgia St.,SB,8-12,-9.37,100.0,336,109.4,155,68.4,131,-.012,225,-1.33,213,109.4,224,110.7,206,+2.30,119
275,Presbyterian,BSth,11-10,-9.48,104.7,274,114.2,263,63.4,350,+.015,153,-5.26,314,107.3,303,112.5,303,-1.91,238
276,Longwood,BSth,12-10,-9.48,105.5,259,115.0,274,68.2,144,+.014,159,-8.24,358,105.6,348,113.8,350,-9.65,361
277,UC Riverside,BW,7-13,-9.73,105.3,262,115.0,276,67.7,174,+.007,172,+2.00,112,110.1,165,108.1,77,+5.29,61
278,Grambling St.,SWAC,8-10,-9.87,102.7,304,112.5,230,67.8,171,+.030,120,-3.37,267,107.2,304,110.6,198,+1.44,142
279,Sacred Heart,MAAC,8-13,-9.88,108.6,197,118.5,331,68.6,122,-.046,291,-5.66,322,106.1,333,111.8,267,-0.75,201
280,Southern Utah,WAC,7-13,-9.94,102.5,307,112.5,228,70.2,56,-.035,268,+1.63,120,111.0,136,109.3,127,+2.93,110
281,South Dakota,Sum,11-10,-10.00,108.2,207,118.2,327,71.0,33,+.066,51,-4.23,293,108.6,268,112.8,314,-3.66,282
282,Western Carolina,SC,6-12,-10.00,107.0,229,117.0,309,68.5,129,+.028,122,+2.56,100,111.8,105,109.2,119,+9.94,18
283,Detroit Mercy,Horz,8-11,-10.08,106.0,247,116.1,292,69.6,79,+.031,117,-2.43,240,109.8,194,112.2,289,+6.68,45
284,Sacramento St.,BSky,6-12,-10.12,105.0,271,115.1,278,72.4,16,+.003,188,+3.29,90,112.9,64,109.6,141,+7.36,35
285,Bellarmine,ASun,7-12,-10.22,112.7,125,122.9,359,65.1,308,-.007,213,-0.45,180,111.6,112,112.1,283,+4.12,79
286,East Texas A&M,Slnd,8-12,-10.42,100.9,328,111.3,201,69.2,95,+.040,98,+1.03,133,109.9,191,108.8,105,+6.53,48
287,Northwestern St.,Slnd,6-13,-10.45,109.1,189,119.5,340,65.3,295,-.003,198,+1.08,131,109.5,209,108.4,87,+7.98,28
288,Central Connecticut,NEC,10-8,-10.69,108.2,208,118.9,335,65.0,311,+.079,40,-6.71,340,105.1,356,111.8,269,-1.30,220
289,Evansville,MVC,5-15,-10.70,99.9,337,110.6,179,68.1,149,-.041,281,+3.68,82,111.7,107,108.1,73,+3.34,98
290,North Dakota,Sum,11-12,-10.94,106.6,240,117.6,317,67.4,191,+.063,57,-4.36,296,108.1,279,112.4,298,-0.23,187
291,Little Rock,OVC,9-11,-11.06,105.2,266,116.2,295,66.2,250,+.052,74,-3.62,272,106.8,316,110.4,185,+3.64,90
292,Boston University,PL,8-12,-11.15,110.7,156,121.8,355,63.9,338,-.016,237,-6.86,343,106.2,330,113.0,324,-3.47,276
293,Jacksonville,ASun,7-13,-11.29,102.6,306,113.9,254,63.4,349,-.037,273,+0.36,146,111.2,124,110.9,216,+4.65,71
294,Mercyhurst,NEC,9-11,-11.34,100.2,333,111.5,205,63.7,345,-.021,247,-6.10,330,106.9,315,113.0,322,+0.52,167
295,Mount St. Mary's,MAAC,8-13,-11.40,100.2,332,111.6,208,68.6,124,+.042,94,-3.58,270,106.4,328,110.0,162,+0.57,165
296,Delaware,CUSA,5-13,-11.52,103.2,298,114.7,270,63.0,356,-.047,292,-5.32,315,106.6,321,111.9,275,-6.16,327
297,Alabama A&M,SWAC,10-8,-11.75,102.2,310,114.0,256,66.0,260,+.068,50,-7.72,355,105.6,347,113.3,333,-1.00,208
298,Albany,AE,7-13,-11.80,103.9,287,115.7,287,65.8,268,-.080,330,-0.95,202,109.7,198,110.6,199,+4.82,68
299,Houston Christian,Slnd,7-12,-11.86,107.6,216,119.4,339,64.0,336,+.014,155,-2.60,243,108.7,266,111.2,232,-1.37,223
300,Norfolk St.,MEAC,9-12,-11.88,101.6,318,113.5,245,67.1,205,+.015,154,-4.22,292,106.4,327,110.7,201,+0.49,168
301,Morehead St.,OVC,10-10,-11.96,106.3,243,118.3,330,65.4,288,+.117,11,-2.96,256,107.5,296,110.5,195,+7.87,31
302,USC Upstate,BSth,9-13,-12.07,101.0,326,113.1,239,67.9,167,+.016,151,-4.17,291,108.2,277,112.3,294,-3.18,269
303,Alabama St.,SWAC,5-13,-12.14,104.8,272,116.9,306,69.3,90,-.053,298,+0.12,153,108.6,267,108.5,90,+8.12,25
304,Prairie View A&M,SWAC,8-11,-12.18,102.9,301,115.1,279,72.1,20,-.007,212,-1.06,204,109.5,213,110.5,196,+8.92,21
305,Lehigh,PL,8-12,-12.21,103.1,299,115.3,282,67.5,188,+.025,134,-5.85,327,106.7,319,112.5,304,-1.18,215
306,North Carolina A&T,CAA,8-10,-12.30,104.5,279,116.8,302,69.0,100,+.001,192,-5.50,320,107.8,288,113.3,331,-9.21,358
307,Cal St. Bakersfield,BW,8-13,-12.52,102.5,308,115.0,275,69.9,70,+.063,58,+0.06,156,109.2,235,109.2,116,-1.20,216
308,Loyola Chicago,A10,5-15,-12.58,106.3,244,118.9,336,66.1,253,+.054,71,+0.05,157,109.6,203,109.5,138,-5.78,318
309,UNC Greensboro,SC,8-13,-12.65,108.2,206,120.9,348,67.2,198,+.046,87,-3.48,268,109.6,202,113.1,327,-0.07,184
310,UMass Lowell,AE,8-12,-12.68,104.4,280,117.1,311,69.3,87,-.015,233,-3.79,276,107.1,310,110.9,218,+2.59,115
311,Eastern Illinois,OVC,9-11,-12.70,96.6,356,109.3,154,65.4,290,+.071,47,-2.23,235,108.0,281,110.2,172,+12.14,10
312,Ball St.,MAC,6-13,-13.23,102.7,305,115.9,290,63.9,337,-.002,197,-2.76,248,108.9,256,111.6,255,-4.89,303
313,Florida A&M,SWAC,7-9,-13.36,100.7,329,114.1,260,68.3,135,+.085,36,-0.38,175,109.0,251,109.4,128,+7.98,27
314,Northern Illinois,MAC,6-12,-13.65,101.1,323,114.8,273,68.0,158,-.005,205,-0.39,176,109.9,184,110.3,178,+3.03,107
315,Lafayette,PL,5-15,-14.13,102.3,309,116.4,297,67.4,192,-.098,347,-5.12,308,107.9,282,113.1,325,-1.93,240
316,IU Indy,Horz,6-16,-14.13,107.0,228,121.1,350,74.3,2,-.011,221,-2.96,255,109.9,188,112.8,313,+0.15,177
317,Arkansas Pine Bluff,SWAC,6-13,-14.18,103.7,291,117.9,319,70.3,51,+.026,129,+4.05,78,112.5,76,108.4,86,+13.71,5
318,Oral Roberts,Sum,5-16,-14.25,102.2,311,116.4,299,67.4,190,-.016,236,+1.39,124,112.5,75,111.1,226,+4.88,65
319,Stetson,ASun,7-14,-14.46,103.2,295,117.7,318,67.6,178,+.016,152,-0.40,177,109.6,199,110.0,163,+3.00,108
320,Cleveland St.,Horz,7-14,-14.47,108.5,204,123.0,360,69.1,99,+.019,147,-1.29,212,111.7,108,113.0,320,+3.97,81
321,Southern Indiana,OVC,5-15,-14.50,97.2,352,111.7,209,68.6,126,-.164,365,-7.06,347,105.5,350,112.6,306,-1.08,212
322,New Hampshire,AE,6-12,-14.53,98.4,345,112.9,235,66.9,212,-.018,243,-1.22,209,109.1,242,110.4,184,+6.37,49
323,Central Michigan,MAC,5-14,-14.69,103.2,296,117.9,321,65.9,265,-.073,326,-0.34,173,111.0,133,111.3,239,+1.08,152
324,Northern Arizona,BSky,6-14,-14.70,103.8,288,118.5,334,64.5,326,-.008,214,-0.80,196,109.8,193,110.6,200,-0.34,191
325,Wagner,NEC,6-12,-14.85,105.6,258,120.4,346,65.2,298,-.103,351,-6.13,332,105.5,349,111.7,256,+4.35,76
326,Maryland Eastern Shore,MEAC,8-13,-14.92,98.7,341,113.7,252,63.3,354,+.034,111,-0.34,172,109.6,204,109.9,153,+5.73,57
327,Bucknell,PL,6-14,-14.95,99.4,339,114.4,266,66.7,222,+.012,160,-3.64,273,109.1,244,112.8,311,+1.56,138
328,Holy Cross,PL,8-12,-15.14,101.9,315,117.0,310,64.7,316,+.054,72,-2.89,252,108.5,269,111.4,243,+1.16,150
329,Louisiana,SB,5-16,-15.39,98.1,347,113.5,244,62.5,362,-.003,199,-3.88,279,107.0,313,110.9,217,-0.94,205
330,Loyola MD,PL,6-14,-15.46,104.7,275,120.2,344,68.3,136,-.084,334,-7.88,356,105.7,346,113.5,343,-5.93,322
331,Jackson St.,SWAC,5-13,-15.83,102.0,312,117.9,320,70.9,35,+.094,25,+3.68,81,112.0,95,108.4,82,+13.16,7
332,North Alabama,ASun,6-12,-16.05,103.7,289,119.8,342,66.0,255,+.050,80,-2.86,251,110.1,168,113.0,321,+3.34,99
333,Army,PL,8-12,-16.08,105.2,264,121.3,352,66.2,247,+.055,67,-6.15,333,107.7,292,113.8,351,-3.05,263
334,Manhattan,MAAC,8-13,-16.12,105.9,250,122.0,356,68.8,115,+.075,42,-5.95,329,105.7,343,111.7,260,-3.06,265
335,NJIT,AE,9-12,-16.27,98.5,344,114.7,272,68.3,140,+.089,31,-5.35,316,106.6,320,112.0,278,+0.49,169
336,Fairleigh Dickinson,NEC,7-13,-16.52,102.0,313,118.5,333,65.8,272,-.006,210,-4.04,285,107.4,299,111.4,246,+5.01,63
337,West Georgia,ASun,9-10,-16.79,103.0,300,119.8,341,68.8,114,+.140,3,-5.12,309,108.8,259,113.9,353,+0.17,176
338,Tennessee Tech,OVC,7-13,-16.88,100.1,335,117.0,307,68.0,153,-.053,296,-5.71,323,106.2,332,111.9,273,+2.70,114
339,New Haven,NEC,9-11,-17.17,97.0,354,114.2,264,62.8,359,+.056,65,-5.15,310,106.0,340,111.1,225,+3.21,103
340,Texas Southern,SWAC,4-13,-17.18,101.3,319,118.5,332,69.3,88,-.102,350,-0.50,184,109.4,221,109.9,152,+12.09,11
341,North Florida,ASun,4-16,-17.55,109.1,185,126.7,365,70.8,42,-.037,275,+1.65,119,110.9,138,109.2,118,+7.94,29
342,Stonehill,NEC,6-14,-17.69,94.4,362,112.1,221,66.2,246,-.021,246,-6.87,344,105.7,345,112.6,307,-1.44,226
343,Alcorn St.,SWAC,3-14,-17.71,100.4,331,118.1,326,68.6,128,+.022,141,+4.29,74,112.1,91,107.8,63,+11.71,13
344,Air Force,MWC,3-16,-17.74,96.2,359,114.0,257,65.0,310,+.005,179,+1.13,128,111.5,113,110.4,183,-5.59,316
345,Canisius,MAAC,8-12,-18.35,97.0,355,115.3,283,64.2,334,+.081,39,-6.15,334,106.5,324,112.7,309,-2.61,256
346,Kansas City,Sum,4-16,-18.63,99.6,338,118.2,328,69.1,98,-.010,219,+1.05,132,112.1,94,111.0,221,+4.74,69
347,Bryant,AE,6-13,-18.74,97.7,349,116.4,298,64.4,327,+.038,104,-1.69,223,107.2,308,108.8,106,+3.67,88
348,UTSA,Amer,4-15,-18.82,98.7,342,117.5,316,68.9,113,+.026,128,+1.55,121,110.7,141,109.1,113,+1.01,153
349,North Carolina Central,MEAC,7-12,-18.96,101.0,325,119.9,343,66.6,224,+.018,149,-0.01,160,110.1,167,110.1,166,+8.84,22
350,Maine,AE,4-17,-19.14,91.7,363,110.9,189,64.2,332,-.022,252,-4.73,302,107.2,307,111.9,277,-1.36,222
351,VMI,SC,6-14,-19.29,101.8,316,121.0,349,67.0,209,-.011,222,-4.07,288,109.3,230,113.4,336,-0.91,203
352,Niagara,MAAC,5-14,-20.40,98.6,343,119.0,338,61.9,365,-.024,255,-6.82,341,106.2,329,113.0,323,-5.37,314
353,Rider,MAAC,2-16,-20.75,96.4,357,117.2,312,65.5,284,-.060,307,-1.15,207,109.2,237,110.3,181,+9.80,19
354,The Citadel,SC,6-15,-20.90,101.1,324,122.0,357,64.3,331,+.004,181,-3.30,265,109.5,212,112.8,312,-1.92,239
355,Saint Francis,NEC,6-14,-21.01,98.0,348,119.0,337,69.2,92,+.039,101,-2.69,247,109.1,247,111.8,271,+6.69,43
356,Western Illinois,OVC,4-17,-22.70,95.6,360,118.3,329,66.1,251,-.088,339,-5.23,311,106.1,334,111.3,236,-1.66,232
357,Delaware St.,MEAC,5-14,-22.99,90.7,364,113.7,253,67.3,196,-.052,295,-5.83,326,106.0,338,111.8,272,-0.60,199
358,Louisiana Monroe,SB,3-18,-23.03,98.2,346,121.2,351,71.0,34,-.097,345,-3.93,283,106.6,322,110.5,194,+1.39,144
359,Chicago St.,NEC,2-18,-23.16,97.2,351,120.4,345,66.8,217,-.041,280,+1.31,126,110.2,153,108.9,109,+11.82,12
360,South Carolina St.,MEAC,4-16,-24.14,97.2,350,121.4,354,68.3,138,-.008,215,-1.81,228,110.0,179,111.8,270,+3.54,93
361,Morgan St.,MEAC,6-13,-24.61,99.4,340,124.0,362,69.1,96,+.003,186,-7.40,351,104.7,359,112.1,285,-2.52,253
362,Binghamton,AE,4-17,-25.11,96.3,358,121.4,353,65.7,278,-.068,322,-8.99,360,105.2,355,114.2,357,-7.45,342
363,Gardner Webb,BSth,3-19,-26.68,97.2,353,123.8,361,70.3,50,+.003,189,+1.42,123,111.4,115,110.0,157,+5.80,55
364,Coppin St.,MEAC,3-18,-29.98,94.9,361,124.9,364,68.3,137,+.019,148,-2.63,245,108.4,271,111.1,223,+1.72,134
365,Mississippi Valley St.,SWAC,1-19,-34.14,88.0,365,122.2,358,66.6,225,-.042,285,-1.38,214,109.5,210,110.9,215,+5.87,53
