NET_Rank,Team,Record,Conf,Road,Neutral,Home,Non_DivI,NET_Prev,Quad1,Quad2,Quad3,Quad4,Wins,Losses,canonical_team
1,Duke,32-2,ACC,10-1,7-1,15-0,0-0,1,17-2,6-0,2-0,7-0,32,2,Duke
2,Michigan,31-3,Big Ten,11-0,6-2,14-1,0-0,2,17-3,5-0,6-0,3-0,31,3,Michigan
3,Arizona,32-2,Big 12,9-1,7-0,16-1,0-0,3,16-2,8-0,1-0,7-0,32,2,Arizona
4,Florida,26-7,SEC,8-2,4-4,14-1,0-0,4,12-6,6-1,3-0,5-0,26,7,Florida
5,Houston,28-6,Big 12,6-3,7-2,15-1,0-0,5,10-6,9-0,3-0,6-0,28,6,Houston
6,Iowa St.,27-7,Big 12,5-5,6-1,16-1,0-0,7,8-7,10-0,2-0,7-0,27,7,Iowa State
7,Gonzaga,30-3,WCC,8-2,7-1,15-0,0-0,6,7-2,4-0,11-1,8-0,30,3,Gonzaga
8,Illinois,24-8,Big Ten,8-2,2-3,14-3,0-0,8,7-8,5-0,7-0,5-0,24,8,Illinois
9,Purdue,27-8,Big Ten,8-3,7-0,12-5,0-0,9,11-8,6-0,7-0,3-0,27,8,Purdue
10,UConn,29-5,Big East,9-2,5-1,15-2,0-0,10,7-3,11-1,6-1,5-0,29,5,UConn
11,Michigan St.,25-7,Big Ten,6-4,4-1,15-2,0-0,11,10-6,4-1,7-0,4-0,25,7,Michigan State
12,Virginia,29-5,ACC,8-2,5-2,16-1,0-0,12,8-4,9-1,5-0,7-0,29,5,Virginia
13,Vanderbilt,26-8,SEC,8-4,5-1,13-3,0-0,13,10-7,7-1,3-0,6-0,26,8,Vanderbilt
14,Nebraska,26-6,Big Ten,7-3,3-1,16-2,0-0,14,9-6,6-0,5-0,6-0,26,6,Nebraska
15,Arkansas,26-8,SEC,5-5,4-2,17-1,0-0,17,8-8,8-0,4-0,6-0,26,8,Arkansas
16,St. John's (NY),28-6,Big East,9-1,4-3,15-2,0-0,15,5-5,11-0,9-1,3-0,28,6,St. John's
17,Louisville,23-10,ACC,4-7,4-1,15-2,0-0,16,8-10,4-0,4-0,7-0,23,10,Louisville
18,Alabama,23-9,SEC,7-3,4-3,12-3,0-0,18,7-7,9-2,5-0,2-0,23,9,Alabama
19,Texas Tech,22-10,Big 12,5-5,3-3,14-2,0-0,19,7-9,5-1,7-0,3-0,22,10,Texas Tech
20,Tennessee,22-11,SEC,5-5,3-3,14-3,0-0,20,6-10,6-1,3-0,7-0,22,11,Tennessee
21,Kansas,23-10,Big 12,5-6,4-2,14-2,0-0,21,9-9,7-1,4-0,3-0,23,10,Kansas
22,Saint Mary's (CA),26-5,WCC,8-2,2-3,16-0,1-0,22,1-4,8-1,10-0,7-0,26,5,Saint Mary's
23,BYU,23-11,Big 12,3-6,8-2,12-3,0-0,23,7-10,8-1,3-0,5-0,23,11,BYU
24,North Carolina,24-8,ACC,4-6,2-2,18-0,0-0,24,6-8,5-0,8-0,5-0,24,8,North Carolina
25,Wisconsin,24-10,Big Ten,6-4,3-4,15-2,0-0,25,9-8,4-1,5-1,6-0,24,10,Wisconsin
26,Utah St.,27-6,Mountain West,7-5,7-0,13-1,1-0,26,4-4,9-1,9-1,5-0,27,6,Utah State
27,Iowa,21-12,Big Ten,3-8,4-1,14-3,0-0,27,5-9,4-1,6-2,6-0,21,12,Iowa
28,Kentucky,21-13,SEC,4-6,3-3,14-4,0-0,28,5-11,7-2,3-0,6-0,21,13,Kentucky
29,Ohio St.,21-12,Big Ten,5-6,2-3,14-3,0-0,29,5-11,4-1,6-0,6-0,21,12,Ohio State
30,UCLA,23-11,Big Ten,4-6,2-4,17-1,0-0,31,5-8,5-3,6-0,7-0,23,11,UCLA
31,Saint Louis,27-5,Atlantic 10,7-3,2-2,18-0,1-0,30,2-1,6-3,6-1,13-0,27,5,Saint Louis
32,Miami (FL),25-8,ACC,8-2,2-3,15-3,0-0,32,6-6,6-2,3-0,10-0,25,8,Miami
33,Georgia,22-10,SEC,6-4,2-2,14-4,0-0,33,6-7,6-2,1-1,9-0,22,10,Georgia
34,Clemson,24-10,ACC,6-5,5-2,13-3,0-0,34,6-6,7-4,4-0,7-0,24,10,Clemson
35,Villanova,24-8,Big East,9-3,2-2,13-3,0-0,35,2-6,8-1,9-1,5-0,24,8,Villanova
36,NC State,20-13,ACC,6-4,3-3,11-6,0-0,36,5-8,6-4,5-0,4-1,20,13,NC State
37,SMU,20-13,ACC,3-8,2-2,15-3,0-0,37,4-9,5-4,5-0,6-0,20,13,SMU
38,Auburn,17-16,SEC,2-8,4-4,11-4,0-0,38,4-13,3-2,4-1,6-0,17,16,Auburn
39,TCU,22-11,Big 12,5-5,3-1,14-5,0-0,39,6-7,7-2,2-1,7-1,22,11,TCU
40,Santa Clara,25-8,WCC,8-3,4-4,13-1,1-0,40,2-6,6-1,10-0,7-1,25,8,Santa Clara
41,Indiana,18-14,Big Ten,3-8,1-2,14-4,0-0,41,3-10,3-4,5-0,7-0,18,14,Indiana
42,Texas,17-14,SEC,4-6,1-3,12-5,1-0,42,6-9,1-4,3-1,7-0,17,14,Texas
43,VCU,27-7,Atlantic 10,7-3,5-2,15-2,0-0,43,2-4,5-3,9-0,11-0,27,7,VCU
44,Texas A&M,21-11,SEC,6-5,1-2,14-4,0-0,44,5-8,4-3,4-0,8-0,21,11,Texas A&M
45,South Fla.,24-8,American,9-3,3-3,12-2,1-0,45,2-3,6-2,7-3,9-0,24,8,South Florida
46,New Mexico,22-10,Mountain West,7-5,2-2,13-3,1-0,46,2-7,6-1,4-2,10-0,22,10,New Mexico
47,San Diego St.,21-11,Mountain West,5-5,3-4,13-2,1-0,47,3-8,6-2,6-1,6-0,21,11,San Diego State
48,Oklahoma,19-15,SEC,4-7,4-3,11-5,0-0,48,4-10,6-5,2-0,7-0,19,15,Oklahoma
49,Cincinnati,18-15,Big 12,2-8,1-4,15-3,0-0,49,3-11,5-3,3-0,7-1,18,15,Cincinnati
50,Baylor,15-16,Big 12,3-7,2-3,10-6,1-0,50,4-12,3-4,3-0,5-0,15,16,Baylor
51,UCF,21-11,Big 12,5-5,3-1,13-5,0-0,51,5-8,6-3,4-0,6-0,21,11,UCF
52,Tulsa,24-7,American,8-4,5-1,11-2,2-0,52,0-1,3-4,9-2,12-0,24,7,Tulsa
53,Seton Hall,21-12,Big East,6-5,3-2,12-5,0-0,53,1-6,7-4,7-2,6-0,21,12,Seton Hall
54,Akron,27-5,MAC,9-3,5-2,13-0,2-0,54,0-2,0-2,11-1,16-0,27,5,Akron
55,Virginia Tech,19-13,ACC,3-7,2-3,14-3,0-0,55,2-10,6-3,4-0,7-0,19,13,Virginia Tech
56,McNeese,26-5,Southland,9-5,5-0,12-0,2-0,56,0-2,2-2,8-0,16-1,26,5,McNeese
57,Washington,16-17,Big Ten,4-9,2-2,10-6,0-0,57,2-12,4-3,5-2,5-0,16,17,Washington
58,Missouri,20-12,SEC,5-7,0-2,15-3,0-0,58,5-7,4-5,3-0,8-0,20,12,Missouri
59,West Virginia,18-14,Big 12,3-6,0-5,15-3,0-0,59,5-9,2-4,3-1,8-0,18,14,West Virginia
60,Boise St.,19-11,Mountain West,6-5,1-3,12-3,1-1,60,2-6,6-3,8-1,3-1,19,11,Boise State
61,Stanford,20-12,ACC,5-5,3-1,12-6,0-0,61,5-6,4-2,4-4,7-0,20,12,Stanford
62,Florida St.,18-15,ACC,6-5,1-4,11-6,0-0,62,3-9,6-5,2-0,7-1,18,15,Florida State
63,Belmont,25-6,MVC,11-3,2-1,12-2,1-0,63,1-0,5-2,10-3,9-1,25,6,Belmont
64,Miami (OH),28-1,MAC,14-0,1-1,13-0,3-0,64,0-0,3-0,10-0,15-1,28,1,Miami (OH)
65,Northwestern,15-19,Big Ten,3-8,3-4,9-7,0-0,66,2-13,2-5,6-1,5-0,15,19,Northwestern
66,Wake Forest,17-16,ACC,2-7,3-3,12-6,0-0,67,1-10,6-5,3-1,7-0,17,16,Wake Forest
67,California,20-11,ACC,4-6,1-1,15-4,1-0,68,4-6,2-4,6-1,8-0,20,11,California
68,Yale,22-6,Ivy League,9-3,5-1,8-2,2-0,65,0-1,1-0,12-4,9-1,22,6,Yale
69,Dayton,23-11,Atlantic 10,6-5,3-3,14-3,0-0,69,1-6,7-2,7-2,8-1,23,11,Dayton
70,Nevada,22-12,Mountain West,4-8,3-2,15-2,0-0,70,1-6,5-4,11-0,5-2,22,12,Nevada
71,Grand Canyon,20-12,Mountain West,6-5,1-3,13-4,0-0,71,3-5,3-4,4-2,10-1,20,12,Grand Canyon
72,UNI,22-12,MVC,6-6,5-1,11-5,1-0,72,0-2,4-5,7-5,11-0,22,12,Northern Iowa
73,Arizona St.,17-16,Big 12,2-9,5-2,10-5,0-0,73,6-11,4-3,3-1,4-1,17,16,Arizona State
74,Oklahoma St.,19-14,Big 12,2-7,3-2,14-5,0-0,75,2-11,8-3,2-0,7-0,19,14,Oklahoma State
75,High Point,27-4,Big South,7-2,6-1,14-1,3-0,76,0-0,0-2,5-2,22-0,27,4,High Point
76,Colorado,17-15,Big 12,2-8,2-2,13-5,0-0,77,1-10,5-4,7-1,4-0,17,15,Colorado
77,LSU,15-17,SEC,3-7,3-2,9-8,0-0,78,1-12,3-3,3-2,8-0,15,17,LSU
78,Wichita St.,21-11,American,7-4,1-4,13-3,1-0,74,2-4,4-3,4-3,11-1,21,11,Wichita State
79,Southern California,17-14,Big Ten,5-6,4-1,8-7,1-0,79,1-10,7-3,6-1,3-0,17,14,USC
80,Providence,15-18,Big East,3-8,2-4,10-6,0-0,81,1-8,3-8,7-2,4-0,15,18,Providence
81,Minnesota,15-17,Big Ten,2-9,0-4,13-4,0-0,80,4-11,3-1,1-5,7-0,15,17,Minnesota
82,Ole Miss,15-20,SEC,3-7,5-4,7-9,0-0,82,5-14,2-2,1-4,7-0,15,20,Ole Miss
83,Creighton,15-17,Big East,4-8,1-3,10-6,0-0,83,2-8,3-6,5-3,5-0,15,17,Creighton
84,Butler,16-16,Big East,3-8,3-1,10-7,0-0,84,2-6,3-8,6-2,5-0,16,16,Butler
85,Utah Valley,22-8,WAC,6-7,4-1,12-0,3-0,85,0-2,0-2,10-2,12-2,22,8,Utah Valley
86,Syracuse,15-17,ACC,2-7,1-4,12-6,0-0,86,1-11,4-3,3-3,7-0,15,17,Syracuse
87,Colorado St.,20-12,Mountain West,6-5,3-2,11-5,1-0,87,3-5,3-5,5-1,9-1,20,12,Colorado State
88,Hofstra,22-10,CAA,9-8,5-0,8-2,2-0,88,0-1,2-2,10-4,10-3,22,10,Hofstra
89,SFA,26-5,Southland,12-3,1-1,13-1,2-0,89,0-1,2-1,5-2,19-1,26,5,SFA
90,Georgetown,16-18,Big East,4-8,2-3,10-7,0-0,90,1-9,4-6,5-3,6-0,16,18,Georgetown
91,George Washington,17-15,Atlantic 10,3-7,3-4,11-4,1-0,91,1-5,0-5,7-2,9-3,17,15,George Washington
92,George Mason,22-9,Atlantic 10,4-6,2-1,16-2,1-0,92,0-2,2-3,11-4,9-0,22,9,George Mason
93,Marquette,12-20,Big East,2-10,0-3,10-7,0-0,93,1-9,2-8,5-3,4-0,12,20,Marquette
94,Notre Dame,13-18,ACC,2-9,1-2,10-7,0-0,94,2-10,2-6,3-1,6-1,13,18,Notre Dame
95,Illinois St.,19-12,MVC,5-7,2-3,12-2,1-0,95,1-2,4-4,7-5,7-1,19,12,Illinois St.
96,UNCW,24-6,CAA,11-2,0-1,13-3,2-0,96,0-0,0-1,8-3,16-2,24,6,UNCW
97,Xavier,15-18,Big East,1-10,2-2,12-6,0-0,97,0-9,4-8,5-1,6-0,15,18,Xavier
98,California Baptist,25-8,WAC,7-7,3-1,15-0,0-0,98,0-1,2-4,5-3,18-0,25,8,California Baptist
99,Wyoming,17-14,Mountain West,3-9,1-1,13-4,1-0,99,1-7,1-5,3-2,12-0,17,14,Wyoming
100,Kansas St.,12-20,Big 12,1-10,1-2,10-8,0-0,100,0-14,5-5,2-1,5-0,12,20,Kansas State
101,Hawaii,22-8,Big West,6-5,2-0,14-3,2-0,101,0-0,0-4,8-2,14-2,22,8,Hawaii
102,DePaul,16-16,Big East,4-7,1-2,11-7,0-0,102,1-5,4-8,5-2,6-1,16,16,DePaul
103,St. Thomas (MN),21-9,Summit League,8-6,2-2,11-1,3-0,103,0-1,0-2,6-2,15-4,21,9,St. Thomas
104,Pittsburgh,13-20,ACC,3-8,2-2,8-10,0-0,104,2-10,3-6,3-3,5-1,13,20,Pittsburgh
105,Murray St.,20-12,MVC,5-6,3-3,12-3,0-0,105,0-3,4-5,6-4,10-0,20,12,Murray State
106,Liberty,22-7,CUSA,10-2,1-3,11-2,3-0,106,1-1,1-0,9-4,11-2,22,7,Liberty
107,Sam Houston,19-11,CUSA,6-9,3-1,10-1,3-0,107,0-2,0-2,10-6,9-1,19,11,Sam Houston
108,South Carolina,13-19,SEC,2-8,0-3,11-8,0-0,108,0-13,3-5,1-1,9-0,13,19,South Carolina
109,Oregon,12-20,Big Ten,2-8,0-5,10-7,0-0,109,1-15,2-2,3-3,6-0,12,20,Oregon
110,UIC,17-15,MVC,7-8,3-2,7-5,2-0,110,1-2,3-5,6-7,7-1,17,15,Illinois-Chicago
111,UNLV,16-16,Mountain West,6-6,1-4,9-6,1-0,111,4-5,5-4,2-4,5-3,16,16,UNLV
112,Mississippi St.,13-19,SEC,4-6,1-5,8-8,0-0,112,1-12,4-5,3-2,5-0,13,19,Mississippi St.
113,Bradley,20-12,MVC,4-7,3-3,13-2,1-0,113,0-2,3-5,9-4,8-1,20,12,Bradley
114,North Dakota St.,24-7,Summit League,10-5,4-1,10-1,3-0,114,0-0,0-1,5-4,19-2,24,7,North Dakota State
115,Davidson,18-13,Atlantic 10,7-4,2-2,9-7,2-0,115,0-4,3-3,6-5,9-1,18,13,Davidson
116,Pacific,16-15,WCC,4-11,3-1,9-3,2-0,116,0-7,0-3,4-5,12-0,16,15,Pacific
117,UC Irvine,21-11,Big West,7-5,4-2,10-4,2-0,117,0-0,1-4,6-7,14-0,21,11,UC Irvine
118,UAB,19-12,American,10-2,2-1,7-9,1-0,118,2-1,2-2,6-7,9-2,19,12,UAB
119,San Francisco,16-16,WCC,4-7,4-3,8-6,1-0,119,0-6,3-4,6-3,7-3,16,16,San Francisco
120,Southern Ill.,15-16,MVC,7-8,1-2,7-6,1-0,120,3-1,2-6,3-8,7-1,15,16,Southern Illinois
121,Saint Joseph's,20-11,Atlantic 10,6-7,3-1,11-3,2-0,121,0-4,2-3,9-2,9-2,20,11,Saint Joseph's
122,Seattle U,18-13,WCC,5-7,2-2,11-4,2-0,122,1-5,1-1,3-6,13-1,18,13,Seattle U
123,Fla. Atlantic,16-15,American,4-8,3-3,9-4,2-0,123,0-2,1-7,8-4,7-2,16,15,Florida Atlantic
124,UC San Diego,21-11,Big West,8-5,5-1,8-5,2-0,124,0-1,1-1,9-6,11-3,21,11,UC San Diego
125,Troy,20-11,Sun Belt,9-7,3-1,8-3,2-0,125,1-0,2-1,4-7,13-3,20,11,Troy
126,UTRGV,17-14,Southland,8-8,1-1,8-5,2-0,126,0-4,1-2,2-2,14-6,17,14,UT Rio Grande Valley
127,Wright St.,21-11,Horizon,9-5,3-1,9-5,2-0,127,0-1,0-2,5-6,16-2,21,11,Wright St.
128,Montana St.,15-14,Big Sky,6-11,0-1,9-2,3-0,128,0-3,0-1,8-6,7-4,15,14,Montana St.
129,William & Mary,18-12,CAA,6-9,3-1,9-2,2-0,129,0-1,2-2,4-6,12-3,18,12,William & Mary
130,Toledo,17-15,MAC,5-9,3-2,9-4,2-0,130,0-3,1-3,4-7,12-2,17,15,Toledo
131,Winthrop,20-11,Big South,7-9,3-1,10-1,3-0,131,0-4,1-2,3-1,16-4,20,11,Winthrop
132,Utah,10-22,Big 12,1-10,1-3,8-9,0-0,132,1-13,2-6,2-2,5-1,10,22,Utah
133,Duquesne,16-15,Atlantic 10,5-7,1-2,10-6,2-0,133,0-6,2-4,5-4,9-1,16,15,Duquesne
134,Rutgers,14-19,Big Ten,2-9,2-3,10-7,0-0,135,0-13,2-5,7-0,5-1,14,19,Rutgers
135,Memphis,13-19,American,3-10,0-3,10-6,0-0,134,0-6,2-6,5-4,6-3,13,19,Memphis
136,North Texas,17-14,American,5-7,2-2,10-5,2-0,137,0-3,2-5,6-3,9-3,17,14,North Texas
137,Navy,24-7,Patriot,10-4,1-1,13-2,2-0,136,0-1,0-2,1-1,23-3,24,7,Navy
138,Maryland,12-21,Big Ten,2-10,3-3,7-8,0-0,138,1-15,3-3,3-3,5-0,12,21,Maryland
139,Penn,17-11,Ivy League,4-8,2-1,11-2,1-0,148,0-2,1-4,6-3,10-2,17,11,Penn
140,ETSU,21-11,SoCon,8-6,2-1,11-4,2-0,139,0-2,0-0,2-4,19-5,21,11,East Tennessee State
141,Kent St.,22-9,MAC,7-5,3-1,12-3,2-0,140,0-2,1-3,9-3,12-1,22,9,Kent State
142,Penn St.,12-20,Big Ten,2-9,1-3,9-8,0-0,141,2-12,0-4,3-4,7-0,12,20,Penn State
143,UC Santa Barbara,16-14,Big West,5-8,2-2,9-4,2-0,142,0-1,1-3,3-7,12-3,16,14,UC Santa Barbara
144,St. Bonaventure,16-17,Atlantic 10,4-7,4-3,8-7,1-0,143,0-3,3-5,5-5,8-4,16,17,St. Bonaventure
145,Idaho,18-14,Big Sky,7-9,5-1,6-4,3-0,144,0-0,0-3,9-8,9-3,18,14,Idaho
146,Washington St.,11-20,WCC,1-11,1-3,9-6,1-0,145,0-4,0-10,4-4,7-2,11,20,Washington State
147,Portland St.,17-11,Big Sky,8-7,1-1,8-3,3-0,146,0-1,0-3,8-4,9-3,17,11,Portland St.
148,Robert Morris,20-11,Horizon,8-7,0-1,12-3,2-0,147,0-1,1-0,8-3,11-7,20,11,Robert Morris
149,Northern Colo.,17-12,Big Sky,8-7,1-2,8-3,3-0,150,0-1,1-1,7-6,9-4,17,12,Northern Colorado
150,Cornell,13-13,Ivy League,8-8,0-1,5-4,2-0,149,0-2,1-3,2-6,10-2,13,13,Cornell
151,Harvard,16-12,Ivy League,9-6,0-2,7-4,1-0,152,1-1,0-1,5-7,10-3,16,12,Harvard
152,Rhode Island,16-16,Atlantic 10,4-7,2-3,10-6,0-0,151,2-0,2-7,4-5,8-4,16,16,Rhode Island
153,Fresno St.,12-19,Mountain West,2-10,1-1,9-8,1-0,153,0-7,0-8,5-2,7-2,12,19,Fresno St.
154,Arkansas St.,18-12,Sun Belt,9-7,0-1,9-4,2-0,154,0-2,0-2,9-1,9-7,18,12,Arkansas St.
155,Kennesaw St.,18-13,CUSA,4-8,4-2,10-3,3-0,155,0-1,0-3,6-5,12-4,18,13,Kennesaw State
156,Valparaiso,17-15,MVC,4-10,1-1,12-4,1-0,156,0-4,2-6,6-3,9-2,17,15,Valparaiso
157,Bowling Green,15-14,MAC,6-6,2-1,7-7,3-0,157,0-1,1-4,4-6,10-3,15,14,Bowling Green
158,Boston College,11-20,ACC,1-10,0-3,10-7,0-0,158,0-8,1-6,5-3,5-3,11,20,Boston College
159,Towson,17-15,CAA,3-10,5-2,9-3,2-0,159,0-3,0-3,6-6,11-3,17,15,Towson
160,Western Ky.,16-14,CUSA,5-7,1-3,10-4,2-0,160,0-2,2-2,2-9,12-1,16,14,Western Kentucky
161,UT Arlington,16-14,WAC,8-8,1-2,7-4,2-0,161,0-2,1-4,5-5,10-3,16,14,UT Arlington
162,Col. of Charleston,20-11,CAA,8-4,2-3,10-4,1-0,162,0-1,2-3,4-6,14-1,20,11,Charleston
163,Middle Tenn.,14-15,CUSA,5-8,1-3,8-4,3-0,163,0-2,0-4,8-5,6-4,14,15,Middle Tennessee
164,Austin Peay,20-9,ASUN,9-7,1-1,10-1,2-0,164,0-1,0-3,2-3,18-2,20,9,Austin Peay
165,Richmond,14-17,Atlantic 10,3-8,1-2,10-7,1-0,165,1-2,0-5,7-7,6-3,14,17,Richmond
166,Central Ark.,20-12,ASUN,6-10,2-1,12-1,2-0,166,0-4,0-0,3-3,17-5,20,12,Central Arkansas
167,Temple,15-16,American,5-6,1-4,9-6,1-0,167,0-2,2-3,2-9,11-2,15,16,Temple
168,Monmouth,18-15,CAA,6-9,3-2,9-4,1-0,168,0-1,0-4,8-4,10-6,18,15,Monmouth
169,Georgia Tech,11-20,ACC,1-9,0-2,10-9,0-0,169,1-10,0-5,1-5,9-0,11,20,Georgia Tech
170,Oregon St.,17-16,WCC,4-7,1-4,12-5,0-0,170,1-4,1-4,10-5,5-3,17,16,Oregon State
171,Marshall,18-13,Sun Belt,6-8,0-1,12-4,1-0,171,0-1,1-3,6-4,11-5,18,13,Marshall
172,Tennessee St.,20-9,OVC,10-7,2-0,8-2,3-0,172,0-2,1-0,3-1,16-6,20,9,Tennessee State
173,Charlotte,16-17,American,4-8,2-3,10-6,1-0,173,0-5,0-5,5-5,11-2,16,17,Charlotte
174,Fordham,14-15,Atlantic 10,4-6,1-2,9-7,3-0,174,0-3,2-3,4-4,8-5,14,15,Fordham
175,Oakland,15-16,Horizon,8-9,1-1,6-6,1-0,175,0-6,0-1,7-3,8-6,15,16,Oakland
176,Utah Tech,16-15,WAC,6-10,2-2,8-3,3-0,176,0-3,0-6,5-3,11-3,16,15,Utah Tech
177,Cal St. Fullerton,16-16,Big West,6-10,2-2,8-4,2-0,177,0-3,1-3,6-8,9-2,16,16,Cal State Fullerton
178,UC Davis,17-14,Big West,6-9,1-1,10-4,2-0,178,1-0,0-5,6-8,10-1,17,14,UC Davis
179,LMU (CA),14-17,WCC,4-7,1-2,9-8,1-0,179,0-3,1-4,6-5,7-5,14,17,LMU (CA)
180,Merrimack,23-11,MAAC,9-8,3-3,11-0,0-0,180,0-2,0-1,4-6,19-2,23,11,Merrimack
181,Marist,18-12,MAAC,7-7,1-1,10-4,1-0,181,0-0,0-1,0-8,18-3,18,12,Marist
182,Mercer,16-13,SoCon,5-11,0-1,11-1,3-0,182,0-3,0-1,2-5,14-4,16,13,Mercer
183,Siena,23-11,MAAC,9-7,5-0,9-4,0-0,183,0-1,0-0,2-6,21-4,23,11,Siena
184,Northern Ky.,17-14,Horizon,7-8,1-1,9-5,3-0,184,0-1,0-1,2-8,15-4,17,14,Northern Kentucky
185,Columbia,14-12,Ivy League,7-7,0-0,7-5,2-0,185,0-3,0-1,4-5,10-3,14,12,Columbia
186,Furman,19-12,SoCon,7-5,4-2,8-5,3-0,186,0-1,0-2,5-5,14-4,19,12,Furman
187,South Alabama,19-11,Sun Belt,8-6,3-1,8-4,2-0,187,0-0,1-2,7-5,11-4,19,11,South Alabama
188,CSUN,18-14,Big West,7-8,1-3,10-3,2-0,188,0-2,1-3,8-5,9-4,18,14,CSUN
189,Queens (NC),20-13,ASUN,6-10,3-1,11-2,1-0,189,0-5,0-1,2-3,18-4,20,13,Queens
190,New Mexico St.,13-16,CUSA,3-8,3-3,7-5,3-0,190,0-0,1-2,6-8,6-6,13,16,New Mexico State
191,A&M-Corpus Christi,14-15,Southland,7-9,1-1,6-5,4-0,191,0-4,1-4,0-4,13-3,14,15,Texas A&M-Corpus Christi
192,App State,17-13,Sun Belt,7-8,1-1,9-4,2-0,192,0-1,2-0,2-6,13-6,17,13,Appalachian State
193,Lipscomb,17-13,ASUN,6-11,0-1,11-1,2-0,193,0-4,0-0,2-4,15-5,17,13,Lipscomb
194,Montana,15-15,Big Sky,5-9,2-1,8-5,3-1,194,0-3,1-1,7-7,7-4,15,15,Montana
195,Buffalo,15-15,MAC,8-6,2-1,5-8,2-0,195,0-2,1-4,3-4,11-5,15,15,Buffalo
196,UMBC,22-8,America East,9-6,0-0,13-2,2-0,196,0-2,0-2,0-1,22-3,22,8,UMBC
197,FIU,12-17,CUSA,3-10,0-1,9-6,3-0,197,0-2,0-3,4-6,8-6,12,17,FIU
198,LIU,24-10,NEC,10-9,0-0,14-1,0-0,198,0-2,0-2,1-3,23-3,24,10,LIU
199,Drake,12-20,MVC,4-7,4-2,4-11,2-0,199,0-2,2-7,5-10,5-1,12,20,Drake
200,Campbell,14-18,CAA,3-13,3-1,8-4,2-0,200,0-4,2-3,3-8,9-3,14,18,Campbell
201,Massachusetts,16-16,MAC,2-8,4-3,10-5,1-0,201,0-2,2-1,5-8,9-5,16,16,Massachusetts
202,Weber St.,14-16,Big Sky,5-10,0-1,9-5,2-0,202,0-1,0-5,4-6,10-4,14,16,Weber St.
203,Howard,19-10,MEAC,7-6,5-0,7-4,4-0,203,0-2,1-2,1-0,17-6,19,10,Howard
204,Eastern Wash.,13-19,Big Sky,5-13,1-2,7-4,1-0,204,0-2,1-3,4-12,8-2,13,19,Eastern Washington
205,UT Martin,19-11,OVC,8-6,2-2,9-3,3-0,205,0-1,2-1,0-3,17-6,19,11,UT Martin
206,Missouri St.,13-18,CUSA,3-10,2-1,8-7,3-0,206,0-1,0-3,5-9,8-5,13,18,Missouri State
207,Tulane,17-15,American,6-4,2-3,9-8,1-0,207,0-2,2-4,5-8,10-1,17,15,Tulane
208,James Madison,17-15,Sun Belt,5-10,2-1,10-4,1-0,208,0-2,1-1,5-5,11-7,17,15,James Madison
209,Louisiana Tech,17-14,CUSA,4-10,2-1,11-3,3-0,209,0-1,1-1,4-10,12-2,17,14,Louisiana Tech
210,South Dakota St.,11-18,Summit League,4-9,1-5,6-4,3-0,210,0-2,0-5,1-5,10-6,11,18,South Dakota State
211,Drexel,16-16,CAA,4-9,1-3,11-4,1-0,212,0-0,0-4,4-8,12-4,16,16,Drexel
212,Quinnipiac,18-13,MAAC,9-7,0-1,9-5,1-0,211,0-2,1-2,4-3,13-6,18,13,Quinnipiac
213,Indiana St.,9-21,MVC,3-12,0-2,6-7,2-0,213,0-3,1-6,2-9,6-3,9,21,Indiana St.
214,Southern Miss.,17-16,Sun Belt,4-11,5-2,8-3,2-0,214,0-1,0-4,4-7,13-4,17,16,Southern Miss
215,New Orleans,15-18,Southland,9-11,1-1,5-6,0-0,215,1-3,2-4,1-5,11-6,15,18,New Orleans
216,Jacksonville St.,12-17,CUSA,5-8,0-2,7-7,3-0,216,0-0,0-2,5-9,7-6,12,17,Jacksonville State
217,Samford,16-14,SoCon,6-9,1-2,9-3,2-0,218,0-2,0-1,4-6,12-5,16,14,Samford
218,Green Bay,16-15,Horizon,6-9,2-2,8-4,2-0,217,0-1,0-4,4-7,12-3,16,15,Green Bay
219,Youngstown St.,12-17,Horizon,4-11,1-1,7-5,3-0,219,1-0,0-3,2-7,9-7,12,17,Youngstown State
220,Ga. Southern,19-16,Sun Belt,7-8,5-3,7-5,2-0,220,0-1,0-0,5-7,14-8,19,16,Georgia Southern
221,Detroit Mercy,15-15,Horizon,7-9,1-1,7-5,2-0,221,0-1,1-4,3-6,11-4,15,15,Detroit Mercy
222,Portland,13-19,WCC,1-12,2-1,10-6,2-0,222,1-4,0-6,5-7,7-2,13,19,Portland
223,Elon,12-18,CAA,6-9,0-1,6-8,2-0,223,0-2,2-1,2-7,8-8,12,18,Elon
224,Southeast Mo. St.,17-13,OVC,8-7,2-1,7-5,3-0,224,0-3,0-0,2-1,15-9,17,13,Southeast Missouri State
225,Cal Poly,12-19,Big West,6-11,0-2,6-6,2-0,225,0-1,3-4,4-8,5-6,12,19,Cal Poly
226,Colgate,16-15,Patriot,6-10,2-0,8-5,2-0,226,0-3,0-0,2-5,14-7,16,15,Colgate
227,Vermont,20-12,America East,8-7,1-2,11-3,2-0,227,0-0,0-1,0-6,20-5,20,12,Vermont
228,Western Caro.,13-16,SoCon,4-12,1-1,8-3,2-0,228,0-5,0-0,4-4,9-7,13,16,Western Carolina
229,Coastal Carolina,18-13,Sun Belt,10-7,1-1,7-5,1-0,229,0-1,2-1,4-4,12-7,18,13,Coastal Carolina
230,Tarleton St.,10-18,WAC,4-11,0-1,6-6,4-0,230,0-3,0-4,2-4,8-7,10,18,Tarleton St.
231,Ohio,13-17,MAC,4-8,1-3,8-6,2-0,231,0-3,0-4,4-7,9-3,13,17,Ohio
232,Stony Brook,15-15,CAA,4-9,1-2,10-4,2-0,232,0-1,0-3,4-8,11-3,15,15,Stony Brook
233,Saint Peter's,16-12,MAAC,4-10,0-1,12-1,1-0,233,0-2,0-1,3-3,13-6,16,12,Saint Peter's
234,San Diego,10-21,WCC,2-11,1-2,7-8,2-0,234,0-4,1-5,4-6,5-6,10,21,San Diego
235,Texas St.,17-13,Sun Belt,3-9,0-3,14-1,2-0,235,0-0,0-1,3-8,14-4,17,13,Texas St.
236,Idaho St.,10-20,Big Sky,3-12,2-2,5-6,3-0,236,0-2,0-3,4-10,6-5,10,20,Idaho State
237,Iona,18-14,MAAC,6-8,1-3,11-3,0-0,237,0-1,0-1,3-4,15-8,18,14,Iona
238,Eastern Mich.,9-21,MAC,3-14,0-0,6-7,1-0,238,1-2,0-6,1-7,7-6,9,21,Eastern Michigan
239,UNC Asheville,12-17,Big South,4-9,2-1,6-7,3-0,239,0-2,0-6,0-4,12-5,12,17,UNC Asheville
240,Fairfield,20-13,MAAC,7-8,2-1,11-4,1-0,240,0-1,0-0,2-6,18-6,20,13,Fairfield
241,Denver,12-17,Summit League,6-11,0-1,6-5,3-0,241,0-3,3-3,2-3,7-8,12,17,Denver
242,Charleston So.,12-17,Big South,5-11,0-2,7-4,3-0,242,0-2,0-3,3-3,9-9,12,17,Charleston Southern
243,Rice,11-18,American,4-9,1-1,6-8,2-0,243,0-2,1-4,4-6,6-6,11,18,Rice
244,San Jose St.,8-24,Mountain West,1-12,2-2,5-10,1-0,244,0-7,2-10,0-7,6-0,8,24,San Jose State
245,La Salle,8-23,Atlantic 10,1-13,1-4,6-6,1-0,246,0-3,1-8,3-11,4-1,8,23,La Salle
246,Wofford,17-13,SoCon,9-7,0-1,8-5,2-0,245,0-1,0-2,3-4,14-6,17,13,Wofford
247,FGCU,14-18,ASUN,3-11,2-1,9-6,2-0,247,0-3,0-0,2-7,12-8,14,18,Florida Gulf Coast
248,Abilene Christian,11-19,WAC,3-12,2-2,6-5,3-0,248,0-2,0-5,2-7,9-5,11,19,Abilene Christian
249,Princeton,8-20,Ivy League,1-12,0-4,7-4,1-0,249,0-3,1-0,2-11,5-6,8,20,Princeton
250,Nicholls,13-19,Southland,7-12,1-1,5-6,1-0,250,0-3,1-5,2-5,10-6,13,19,Nicholls
251,Lamar University,10-19,Southland,5-10,0-1,5-8,2-0,251,0-3,0-3,1-5,9-8,10,19,Lamar
252,Radford,13-16,Big South,4-8,0-3,9-5,3-0,252,0-3,0-4,0-4,13-5,13,16,Radford
253,Milwaukee,11-20,Horizon,3-14,1-0,7-6,1-0,253,0-4,0-2,2-7,9-7,11,20,Milwaukee
254,Purdue Fort Wayne,14-15,Horizon,6-11,0-0,8-4,3-0,254,0-3,1-2,4-5,9-5,14,15,Purdue Fort Wayne
255,Old Dominion,11-21,Sun Belt,4-14,1-1,6-6,1-0,255,0-2,0-4,3-9,8-6,11,21,Old Dominion
256,American,14-16,Patriot,5-10,0-0,9-6,2-0,256,0-3,0-2,2-2,12-9,14,16,American
257,Long Beach St.,8-22,Big West,3-13,0-0,5-9,2-0,257,0-2,1-3,1-12,6-5,8,22,Long Beach State
258,Omaha,12-17,Summit League,5-10,1-3,6-4,4-0,258,0-0,0-5,2-6,10-6,12,17,Omaha
259,SIUE,16-13,OVC,8-7,1-1,7-5,3-0,259,0-1,0-0,2-2,14-10,16,13,SIU Edwardsville
260,Presbyterian,12-18,Big South,3-13,2-1,7-4,3-0,260,0-3,0-3,2-3,10-9,12,18,Presbyterian
261,Bethune-Cookman,16-15,SWAC,7-11,0-3,9-1,1-0,261,0-8,0-0,1-0,15-7,16,15,Bethune-Cookman
262,Lindenwood,15-15,OVC,7-9,2-1,6-5,3-0,262,0-3,0-0,1-3,14-9,15,15,Lindenwood
263,Boston U.,16-17,Patriot,6-12,1-0,9-5,1-0,263,0-1,0-0,2-6,14-10,16,17,Boston U.
264,Morehead St.,17-13,OVC,7-10,2-1,8-2,3-0,264,0-3,0-1,1-4,16-5,17,13,Morehead State
265,Dartmouth,9-16,Ivy League,6-8,0-0,3-8,2-0,265,0-2,0-3,4-4,5-7,9,16,Dartmouth
266,Longwood,13-16,Big South,4-10,1-2,8-4,3-0,266,0-2,0-3,1-3,12-8,13,16,Longwood
267,East Carolina,10-20,American,4-8,0-2,6-10,1-0,267,0-3,1-4,2-6,7-7,10,20,East Carolina
268,UTEP,8-20,CUSA,2-11,0-2,6-7,3-0,268,0-1,0-4,3-10,5-5,8,20,UTEP
269,Sacramento St.,7-21,Big Sky,0-16,0-1,7-4,3-0,269,0-3,0-3,2-13,5-2,7,21,Sacramento State
270,Hampton,11-19,CAA,2-12,1-5,8-2,2-0,270,0-1,0-3,2-8,9-7,11,19,Hampton
271,North Dakota,15-17,Summit League,7-8,2-2,6-7,3-0,271,0-2,1-3,2-5,12-7,15,17,North Dakota
272,Southern Utah,7-22,WAC,2-15,1-1,4-6,3-0,272,0-3,0-2,2-12,5-5,7,22,Southern Utah
273,UC Riverside,8-22,Big West,3-15,0-0,5-7,2-0,273,0-3,0-5,2-9,6-5,8,22,UC Riverside
274,Pepperdine,7-23,WCC,2-11,0-2,5-10,2-0,274,0-6,0-2,2-10,5-5,7,23,Pepperdine
275,Lehigh,16-16,Patriot,4-11,1-1,11-4,2-0,275,0-2,0-1,1-5,15-8,16,16,Lehigh
276,N.C. A&T,9-19,CAA,4-11,1-2,4-6,2-0,276,0-0,0-4,3-8,6-7,9,19,N.C. A&T
277,Mercyhurst,15-17,NEC,5-14,0-0,10-3,2-0,277,0-3,0-2,0-3,15-9,15,17,Mercyhurst
278,Southern U.,14-17,SWAC,7-12,2-1,5-4,3-0,279,0-5,0-2,0-1,14-9,14,17,Southern
279,Loyola Chicago,9-24,Atlantic 10,1-9,2-5,6-10,0-0,278,1-3,0-7,3-10,5-4,9,24,Loyola Chicago
280,Central Mich.,8-21,MAC,1-15,1-1,6-5,2-0,280,0-4,0-3,3-6,5-8,8,21,Central Michigan
281,Mount St. Mary's,14-17,MAAC,7-11,0-1,7-5,1-0,281,0-3,0-0,2-7,12-7,14,17,Mount St. Mary's
282,UIW,9-19,Southland,2-12,1-1,6-6,3-0,282,0-3,1-4,1-3,7-9,9,19,Incarnate Word
283,Western Mich.,9-20,MAC,3-13,0-0,6-7,1-1,283,0-4,0-3,2-7,7-6,9,20,Western Michigan
284,South Dakota,13-16,Summit League,3-10,1-1,9-5,3-0,284,0-1,0-5,1-4,12-6,13,16,South Dakota
285,Bellarmine,11-19,ASUN,2-13,2-1,7-5,2-0,285,0-2,0-3,0-5,11-9,11,19,Bellarmine
286,Northeastern,7-24,CAA,3-13,2-1,2-10,0-0,286,0-1,0-3,3-10,4-10,7,24,Northeastern
287,Delaware,10-20,CUSA,4-10,1-1,5-9,0-1,287,0-1,1-2,5-7,4-10,10,20,Delaware
288,Chattanooga,10-19,SoCon,6-9,0-2,4-8,3-0,288,0-2,0-1,2-4,8-12,10,19,Chattanooga
289,Central Conn. St.,16-12,NEC,8-8,0-0,8-4,2-0,289,0-1,1-0,1-3,14-8,16,12,Central Connecticut State
290,Le Moyne,14-17,NEC,5-12,1-1,8-4,1-0,290,0-1,0-1,1-5,13-10,14,17,Le Moyne
291,Eastern Ky.,9-21,ASUN,3-13,0-1,6-7,2-0,291,0-1,0-3,1-7,8-10,9,21,Eastern Kentucky
292,UNC Greensboro,13-19,SoCon,4-9,3-4,6-6,2-0,292,0-1,0-2,1-7,12-9,13,19,UNC Greensboro
293,Sacred Heart,13-19,MAAC,5-13,1-1,7-5,1-0,293,0-1,0-1,2-7,11-10,13,19,Sacred Heart
294,Houston Christian,10-20,Southland,3-13,0-2,7-5,2-0,294,0-2,0-4,1-5,9-9,10,20,Houston Christian
295,Southeastern La.,8-22,Southland,2-15,2-0,4-7,1-0,295,0-1,0-7,2-4,6-10,8,22,Southeastern Louisiana
296,Brown,7-18,Ivy League,3-10,0-0,4-8,2-0,296,0-1,0-2,0-9,7-6,7,18,Brown
297,Jacksonville,10-20,ASUN,3-14,1-2,6-4,2-0,297,0-4,0-1,0-6,10-9,10,20,Jacksonville
298,West Ga.,13-17,ASUN,4-11,1-1,8-5,2-0,298,0-3,1-0,0-4,12-10,13,17,West Georgia
299,Ball St.,10-19,MAC,4-11,1-1,5-7,2-0,299,0-2,0-3,0-8,10-6,10,19,Ball State
300,Prairie View,14-17,SWAC,3-13,5-1,6-3,4-0,300,0-3,0-2,0-1,14-11,14,17,Prairie View
301,Northwestern St.,8-22,Southland,2-15,0-1,6-6,2-0,301,0-4,0-4,1-4,7-10,8,22,Northwestern St.
302,Wagner,11-17,NEC,6-12,0-0,5-5,3-0,302,0-2,0-1,0-5,11-9,11,17,Wagner
303,USC Upstate,10-19,Big South,3-13,0-1,7-5,3-0,303,0-3,0-4,1-3,9-9,10,19,USC Upstate
304,East Texas A&M,9-21,Southland,4-13,1-0,4-8,2-0,304,0-4,0-4,1-3,8-10,9,21,East Texas A&M
305,Grambling,12-19,SWAC,4-13,3-1,5-5,2-0,305,0-2,0-1,1-3,11-13,12,19,Grambling
306,Evansville,5-25,MVC,1-12,1-3,3-10,2-0,306,0-3,0-10,4-8,1-4,5,25,Evansville
307,Georgia St.,8-22,Sun Belt,3-12,0-3,5-7,2-0,307,0-2,0-0,3-10,5-10,8,22,Georgia State
308,Tennessee Tech,10-18,OVC,5-12,0-0,5-6,3-0,308,0-2,0-0,1-5,9-11,10,18,Tennessee Tech
309,Little Rock,10-20,OVC,5-13,0-1,5-6,2-0,309,0-1,0-3,0-6,10-10,10,20,Little Rock
310,Alabama A&M,15-15,SWAC,4-8,2-2,9-5,3-0,310,0-2,0-1,0-2,15-10,15,15,Alabama A&M
311,Oral Roberts,7-23,Summit League,1-13,2-2,4-8,3-0,311,0-3,0-4,2-6,5-10,7,23,Oral Roberts
312,Florida A&M,13-16,SWAC,5-11,1-1,7-4,2-0,312,0-4,0-0,0-3,13-9,13,16,Florida A&M
313,Louisiana,11-22,Sun Belt,3-13,1-1,7-8,0-0,313,0-3,0-1,2-9,9-9,11,22,Louisiana
314,Stetson,10-21,ASUN,2-14,1-2,7-5,2-0,314,0-3,0-1,0-8,10-9,10,21,Stetson
315,Northern Ariz.,7-22,Big Sky,1-13,0-2,6-7,3-0,315,0-2,0-2,2-11,5-7,7,22,Northern Arizona
316,Ark.-Pine Bluff,11-19,SWAC,6-14,0-1,5-4,2-0,316,0-6,1-1,0-3,10-9,11,19,Arkansas-Pine Bluff
317,Cleveland St.,8-22,Horizon,3-13,1-1,4-8,3-0,317,0-2,1-2,1-10,6-8,8,22,Cleveland St.
318,Norfolk St.,11-17,MEAC,5-10,1-3,5-4,4-0,318,0-2,0-1,0-5,11-9,11,17,Norfolk State
319,Eastern Ill.,10-20,OVC,3-13,1-1,6-6,3-0,320,0-3,0-1,0-5,10-11,10,20,Eastern Illinois
320,IU Indy,5-25,Horizon,2-15,0-1,3-9,2-0,319,0-2,0-2,3-6,2-15,5,25,IU Indy
321,UMass Lowell,12-18,America East,5-14,0-0,7-4,3-0,321,0-3,0-1,0-7,12-7,12,18,UMass Lowell
322,Texas Southern,10-18,SWAC,3-12,0-1,7-5,2-0,322,0-4,0-1,0-2,10-11,10,18,Texas Southern
323,Lafayette,10-21,Patriot,5-11,0-0,5-10,1-0,323,0-2,0-1,1-6,9-12,10,21,Lafayette
324,Alabama St.,9-22,SWAC,4-15,1-3,4-4,1-0,324,0-4,1-3,0-1,8-14,9,22,Alabama St.
325,New Haven,11-17,NEC,5-11,0-0,6-6,3-0,325,0-3,0-0,0-4,11-10,11,17,New Haven
326,UAlbany,8-21,America East,4-13,0-3,4-5,3-0,326,0-0,0-4,1-8,7-9,8,21,UAlbany
327,NJIT,15-17,America East,8-11,0-0,7-6,1-0,327,0-3,0-1,2-6,13-7,15,17,NJIT
328,Loyola Maryland,10-20,Patriot,3-13,1-1,6-6,2-0,328,0-1,0-2,0-6,10-11,10,20,Loyola Maryland
329,Manhattan,11-20,MAAC,3-12,2-1,6-7,1-0,329,0-1,0-2,1-7,10-10,11,20,Manhattan
330,CSU Bakersfield,6-24,Big West,2-13,0-0,4-11,2-0,330,0-2,0-4,3-10,3-8,6,24,Cal State Bakersfield
331,Holy Cross,9-22,Patriot,4-14,1-0,4-8,2-0,331,0-1,0-2,1-4,8-15,9,22,Holy Cross
332,Stonehill,10-21,NEC,4-15,0-1,6-5,2-0,332,0-1,0-2,0-4,10-14,10,21,Stonehill
333,Bucknell,10-23,Patriot,4-12,0-3,6-8,0-0,333,0-3,0-1,0-8,10-11,10,23,Bucknell
334,FDU,8-21,NEC,3-15,0-0,5-6,3-0,334,0-2,0-2,0-4,8-13,8,21,Fairleigh Dickinson
335,NIU,7-21,MAC,3-14,0-0,4-7,2-0,335,0-5,0-2,1-8,6-6,7,21,Northern Illinois
336,Army West Point,9-21,Patriot,5-10,0-1,4-10,2-0,336,0-1,0-1,1-7,8-12,9,21,Army
337,North Florida,5-25,ASUN,2-14,0-3,3-8,2-0,337,0-5,0-0,0-4,5-16,5,25,North Florida
338,North Ala.,7-21,ASUN,4-12,0-1,3-8,2-0,338,0-1,1-1,1-6,5-13,7,21,North Alabama
339,Maine,7-24,America East,4-14,0-2,3-8,1-0,339,0-1,0-2,0-7,7-14,7,24,Maine
340,Chicago St.,6-25,NEC,2-19,0-0,4-6,1-0,340,0-3,0-4,0-5,6-13,6,25,Chicago State
341,Niagara,7-22,MAAC,2-14,0-1,5-7,1-0,341,0-2,0-1,0-5,7-14,7,22,Niagara
342,N.C. Central,10-18,MEAC,4-12,2-1,4-5,4-0,342,0-5,0-0,0-4,10-9,10,18,N.C. Central
343,Canisius,9-21,MAAC,3-13,0-0,6-8,1-0,343,0-2,0-1,0-7,9-11,9,21,Canisius
344,UTSA,3-25,American,2-12,1-1,0-12,2-0,344,0-3,0-4,1-8,2-10,3,25,UTSA
345,Southern Ind.,5-23,OVC,4-11,0-2,1-10,2-0,345,0-0,0-1,1-5,4-17,5,23,Southern Indiana
346,The Citadel,8-22,SoCon,3-12,1-2,4-8,3-0,346,0-0,0-2,0-10,8-10,8,22,The Citadel
347,Jackson St.,12-21,SWAC,4-15,1-3,7-3,0-0,347,0-7,0-0,0-3,12-11,12,21,Jackson State
348,New Hampshire,7-21,America East,1-16,0-0,6-5,2-0,348,0-3,0-2,0-5,7-11,7,21,New Hampshire
349,Alcorn,9-23,SWAC,2-18,2-1,5-4,0-0,349,0-4,0-3,0-4,9-12,9,23,Alcorn State
350,Air Force,3-29,Mountain West,0-12,0-2,3-15,0-0,350,0-7,0-9,0-8,3-5,3,29,Air Force
351,UMES,7-23,MEAC,2-18,1-1,4-4,2-0,351,0-5,0-1,0-2,7-15,7,23,UMES
352,Morgan St.,11-16,MEAC,5-9,0-1,6-6,3-0,352,0-1,0-3,1-1,10-11,11,16,Morgan State
353,Saint Francis,5-24,NEC,2-14,0-2,3-8,2-0,353,0-3,0-2,0-4,5-15,5,24,Saint Francis
354,Bryant,7-22,America East,1-17,0-0,6-5,2-0,354,0-3,0-0,0-8,7-11,7,22,Bryant
355,ULM,2-28,Sun Belt,1-15,0-2,1-11,2-0,355,0-1,0-4,0-9,2-14,2,28,ULM
356,South Carolina St.,8-22,MEAC,3-16,1-1,4-5,2-0,356,0-3,0-2,0-4,8-13,8,22,South Carolina State
357,Rider,3-25,MAAC,0-16,0-0,3-9,1-0,357,0-4,0-1,0-7,3-13,3,25,Rider
358,Kansas City,1-27,Summit League,1-15,0-1,0-11,3-0,358,0-4,0-3,0-5,1-15,1,27,Kansas City
359,VMI,3-26,SoCon,1-14,0-3,2-9,3-0,359,0-2,0-0,0-9,3-15,3,26,VMI
360,Binghamton,5-23,America East,1-14,0-1,4-8,3-0,360,0-0,0-3,0-2,5-18,5,23,Binghamton
361,Gardner-Webb,2-28,Big South,0-16,1-3,1-9,2-1,361,0-3,0-6,0-6,2-13,2,28,Gardner-Webb
362,Delaware St.,5-22,MEAC,2-14,1-1,2-7,3-1,362,0-1,0-3,0-4,5-14,5,22,Delaware State
363,Coppin St.,6-24,MEAC,4-15,0-3,2-6,1-0,363,0-3,0-3,0-5,6-13,6,24,Coppin State
364,Western Ill.,2-26,OVC,1-15,0-0,1-11,3-0,364,0-1,0-1,0-4,2-20,2,26,Western Illinois
365,Mississippi Val.,2-30,SWAC,1-18,0-3,1-9,1-0,365,0-4,0-4,0-1,2-21,2,30,Mississippi Valley State
